region,admin_unit,season_year,season,fires,area_km2,fires_per_1000km2
Uttar Pradesh,AGRA,2019,Kharif,6,3890.8178283613897,1.54
Uttar Pradesh,AGRA,2019,Rabi,11,3890.8178283613897,2.83
Uttar Pradesh,AGRA,2020,Kharif,24,3890.8178283613897,6.17
Uttar Pradesh,AGRA,2020,Rabi,10,3890.8178283613897,2.57
Uttar Pradesh,AGRA,2021,Kharif,6,3890.8178283613897,1.54
Uttar Pradesh,AGRA,2021,Rabi,29,3890.8178283613897,7.45
Uttar Pradesh,AGRA,2022,Kharif,1,3890.8178283613897,0.26
Uttar Pradesh,AGRA,2022,Rabi,10,3890.8178283613897,2.57
Uttar Pradesh,AGRA,2023,Kharif,11,3890.8178283613897,2.83
Uttar Pradesh,AGRA,2023,Rabi,8,3890.8178283613897,2.06
Uttar Pradesh,AGRA,2024,Kharif,13,3890.8178283613897,3.34
Uttar Pradesh,AGRA,2024,Rabi,17,3890.8178283613897,4.37
Uttar Pradesh,AGRA,2025,Kharif,15,3890.8178283613897,3.86
Uttar Pradesh,AGRA,2025,Rabi,28,3890.8178283613897,7.2
Uttar Pradesh,AGRA,2026,Rabi,20,3890.8178283613897,5.14
Uttar Pradesh,ALIGARH,2019,Kharif,160,3585.184821630347,44.63
Uttar Pradesh,ALIGARH,2019,Rabi,156,3585.184821630347,43.51
Uttar Pradesh,ALIGARH,2020,Kharif,258,3585.184821630347,71.96
Uttar Pradesh,ALIGARH,2020,Rabi,86,3585.184821630347,23.99
Uttar Pradesh,ALIGARH,2021,Kharif,118,3585.184821630347,32.91
Uttar Pradesh,ALIGARH,2021,Rabi,186,3585.184821630347,51.88
Uttar Pradesh,ALIGARH,2022,Kharif,118,3585.184821630347,32.91
Uttar Pradesh,ALIGARH,2022,Rabi,54,3585.184821630347,15.06
Uttar Pradesh,ALIGARH,2023,Kharif,185,3585.184821630347,51.6
Uttar Pradesh,ALIGARH,2023,Rabi,70,3585.184821630347,19.52
Uttar Pradesh,ALIGARH,2024,Kharif,250,3585.184821630347,69.73
Uttar Pradesh,ALIGARH,2024,Rabi,121,3585.184821630347,33.75
Uttar Pradesh,ALIGARH,2025,Kharif,162,3585.184821630347,45.19
Uttar Pradesh,ALIGARH,2025,Rabi,168,3585.184821630347,46.86
Uttar Pradesh,ALIGARH,2026,Rabi,162,3585.184821630347,45.19
Uttar Pradesh,AMBEDKAR NAGAR,2019,Kharif,63,2237.8999235034285,28.15
Uttar Pradesh,AMBEDKAR NAGAR,2019,Rabi,189,2237.8999235034285,84.45
Uttar Pradesh,AMBEDKAR NAGAR,2020,Kharif,153,2237.8999235034285,68.37
Uttar Pradesh,AMBEDKAR NAGAR,2020,Rabi,26,2237.8999235034285,11.62
Uttar Pradesh,AMBEDKAR NAGAR,2021,Kharif,124,2237.8999235034285,55.41
Uttar Pradesh,AMBEDKAR NAGAR,2021,Rabi,40,2237.8999235034285,17.87
Uttar Pradesh,AMBEDKAR NAGAR,2022,Kharif,272,2237.8999235034285,121.54
Uttar Pradesh,AMBEDKAR NAGAR,2022,Rabi,53,2237.8999235034285,23.68
Uttar Pradesh,AMBEDKAR NAGAR,2023,Kharif,176,2237.8999235034285,78.65
Uttar Pradesh,AMBEDKAR NAGAR,2023,Rabi,35,2237.8999235034285,15.64
Uttar Pradesh,AMBEDKAR NAGAR,2024,Kharif,352,2237.8999235034285,157.29
Uttar Pradesh,AMBEDKAR NAGAR,2024,Rabi,127,2237.8999235034285,56.75
Uttar Pradesh,AMBEDKAR NAGAR,2025,Kharif,380,2237.8999235034285,169.8
Uttar Pradesh,AMBEDKAR NAGAR,2025,Rabi,117,2237.8999235034285,52.28
Uttar Pradesh,AMBEDKAR NAGAR,2026,Rabi,156,2237.8999235034285,69.71
Uttar Pradesh,AMETHI,2019,Kharif,112,2333.8409605994525,47.99
Uttar Pradesh,AMETHI,2019,Rabi,384,2333.8409605994525,164.54
Uttar Pradesh,AMETHI,2020,Kharif,78,2333.8409605994525,33.42
Uttar Pradesh,AMETHI,2020,Rabi,79,2333.8409605994525,33.85
Uttar Pradesh,AMETHI,2021,Kharif,190,2333.8409605994525,81.41
Uttar Pradesh,AMETHI,2021,Rabi,189,2333.8409605994525,80.98
Uttar Pradesh,AMETHI,2022,Kharif,202,2333.8409605994525,86.55
Uttar Pradesh,AMETHI,2022,Rabi,119,2333.8409605994525,50.99
Uttar Pradesh,AMETHI,2023,Kharif,265,2333.8409605994525,113.55
Uttar Pradesh,AMETHI,2023,Rabi,87,2333.8409605994525,37.28
Uttar Pradesh,AMETHI,2024,Kharif,306,2333.8409605994525,131.11
Uttar Pradesh,AMETHI,2024,Rabi,327,2333.8409605994525,140.11
Uttar Pradesh,AMETHI,2025,Kharif,325,2333.8409605994525,139.26
Uttar Pradesh,AMETHI,2025,Rabi,225,2333.8409605994525,96.41
Uttar Pradesh,AMETHI,2026,Rabi,240,2333.8409605994525,102.83
Uttar Pradesh,AMROHA,2019,Kharif,32,2107.0888259170124,15.19
Uttar Pradesh,AMROHA,2019,Rabi,27,2107.0888259170124,12.81
Uttar Pradesh,AMROHA,2020,Kharif,75,2107.0888259170124,35.59
Uttar Pradesh,AMROHA,2020,Rabi,28,2107.0888259170124,13.29
Uttar Pradesh,AMROHA,2021,Kharif,53,2107.0888259170124,25.15
Uttar Pradesh,AMROHA,2021,Rabi,54,2107.0888259170124,25.63
Uttar Pradesh,AMROHA,2022,Kharif,72,2107.0888259170124,34.17
Uttar Pradesh,AMROHA,2022,Rabi,33,2107.0888259170124,15.66
Uttar Pradesh,AMROHA,2023,Kharif,35,2107.0888259170124,16.61
Uttar Pradesh,AMROHA,2023,Rabi,28,2107.0888259170124,13.29
Uttar Pradesh,AMROHA,2024,Kharif,89,2107.0888259170124,42.24
Uttar Pradesh,AMROHA,2024,Rabi,31,2107.0888259170124,14.71
Uttar Pradesh,AMROHA,2025,Kharif,45,2107.0888259170124,21.36
Uttar Pradesh,AMROHA,2025,Rabi,47,2107.0888259170124,22.31
Uttar Pradesh,AMROHA,2026,Rabi,15,2107.0888259170124,7.12
Uttar Pradesh,AURAIYA,2019,Kharif,172,1944.7455055909004,88.44
Uttar Pradesh,AURAIYA,2019,Rabi,109,1944.7455055909004,56.05
Uttar Pradesh,AURAIYA,2020,Kharif,283,1944.7455055909004,145.52
Uttar Pradesh,AURAIYA,2020,Rabi,103,1944.7455055909004,52.96
Uttar Pradesh,AURAIYA,2021,Kharif,194,1944.7455055909004,99.76
Uttar Pradesh,AURAIYA,2021,Rabi,90,1944.7455055909004,46.28
Uttar Pradesh,AURAIYA,2022,Kharif,243,1944.7455055909004,124.95
Uttar Pradesh,AURAIYA,2022,Rabi,99,1944.7455055909004,50.91
Uttar Pradesh,AURAIYA,2023,Kharif,203,1944.7455055909004,104.38
Uttar Pradesh,AURAIYA,2023,Rabi,56,1944.7455055909004,28.8
Uttar Pradesh,AURAIYA,2024,Kharif,388,1944.7455055909004,199.51
Uttar Pradesh,AURAIYA,2024,Rabi,114,1944.7455055909004,58.62
Uttar Pradesh,AURAIYA,2025,Kharif,539,1944.7455055909004,277.16
Uttar Pradesh,AURAIYA,2025,Rabi,181,1944.7455055909004,93.07
Uttar Pradesh,AURAIYA,2026,Rabi,197,1944.7455055909004,101.3
Uttar Pradesh,AYODHYA,2019,Kharif,18,2588.0579013229,6.96
Uttar Pradesh,AYODHYA,2019,Rabi,54,2588.0579013229,20.87
Uttar Pradesh,AYODHYA,2020,Kharif,61,2588.0579013229,23.57
Uttar Pradesh,AYODHYA,2020,Rabi,11,2588.0579013229,4.25
Uttar Pradesh,AYODHYA,2021,Kharif,56,2588.0579013229,21.64
Uttar Pradesh,AYODHYA,2021,Rabi,25,2588.0579013229,9.66
Uttar Pradesh,AYODHYA,2022,Kharif,63,2588.0579013229,24.34
Uttar Pradesh,AYODHYA,2022,Rabi,29,2588.0579013229,11.21
Uttar Pradesh,AYODHYA,2023,Kharif,99,2588.0579013229,38.25
Uttar Pradesh,AYODHYA,2023,Rabi,52,2588.0579013229,20.09
Uttar Pradesh,AYODHYA,2024,Kharif,144,2588.0579013229,55.64
Uttar Pradesh,AYODHYA,2024,Rabi,80,2588.0579013229,30.91
Uttar Pradesh,AYODHYA,2025,Kharif,134,2588.0579013229,51.78
Uttar Pradesh,AYODHYA,2025,Rabi,53,2588.0579013229,20.48
Uttar Pradesh,AYODHYA,2026,Rabi,54,2588.0579013229,20.87
Uttar Pradesh,AZAMGARH,2019,Kharif,58,4055.0323217040977,14.3
Uttar Pradesh,AZAMGARH,2019,Rabi,789,4055.0323217040977,194.57
Uttar Pradesh,AZAMGARH,2020,Kharif,196,4055.0323217040977,48.34
Uttar Pradesh,AZAMGARH,2020,Rabi,142,4055.0323217040977,35.02
Uttar Pradesh,AZAMGARH,2021,Kharif,174,4055.0323217040977,42.91
Uttar Pradesh,AZAMGARH,2021,Rabi,393,4055.0323217040977,96.92
Uttar Pradesh,AZAMGARH,2022,Kharif,150,4055.0323217040977,36.99
Uttar Pradesh,AZAMGARH,2022,Rabi,195,4055.0323217040977,48.09
Uttar Pradesh,AZAMGARH,2023,Kharif,169,4055.0323217040977,41.68
Uttar Pradesh,AZAMGARH,2023,Rabi,229,4055.0323217040977,56.47
Uttar Pradesh,AZAMGARH,2024,Kharif,235,4055.0323217040977,57.95
Uttar Pradesh,AZAMGARH,2024,Rabi,801,4055.0323217040977,197.53
Uttar Pradesh,AZAMGARH,2025,Kharif,221,4055.0323217040977,54.5
Uttar Pradesh,AZAMGARH,2025,Rabi,417,4055.0323217040977,102.84
Uttar Pradesh,AZAMGARH,2026,Rabi,768,4055.0323217040977,189.39
Uttar Pradesh,BAGHPAT,2019,Kharif,135,1281.8003535465116,105.32
Uttar Pradesh,BAGHPAT,2019,Rabi,63,1281.8003535465116,49.15
Uttar Pradesh,BAGHPAT,2020,Kharif,254,1281.8003535465116,198.16
Uttar Pradesh,BAGHPAT,2020,Rabi,32,1281.8003535465116,24.96
Uttar Pradesh,BAGHPAT,2021,Kharif,204,1281.8003535465116,159.15
Uttar Pradesh,BAGHPAT,2021,Rabi,36,1281.8003535465116,28.09
Uttar Pradesh,BAGHPAT,2022,Kharif,197,1281.8003535465116,153.69
Uttar Pradesh,BAGHPAT,2022,Rabi,40,1281.8003535465116,31.21
Uttar Pradesh,BAGHPAT,2023,Kharif,229,1281.8003535465116,178.65
Uttar Pradesh,BAGHPAT,2023,Rabi,25,1281.8003535465116,19.5
Uttar Pradesh,BAGHPAT,2024,Kharif,246,1281.8003535465116,191.92
Uttar Pradesh,BAGHPAT,2024,Rabi,44,1281.8003535465116,34.33
Uttar Pradesh,BAGHPAT,2025,Kharif,209,1281.8003535465116,163.05
Uttar Pradesh,BAGHPAT,2025,Rabi,46,1281.8003535465116,35.89
Uttar Pradesh,BAGHPAT,2026,Rabi,28,1281.8003535465116,21.84
Uttar Pradesh,BAHRAICH,2019,Kharif,143,4740.986022149935,30.16
Uttar Pradesh,BAHRAICH,2019,Rabi,597,4740.986022149935,125.92
Uttar Pradesh,BAHRAICH,2020,Kharif,240,4740.986022149935,50.62
Uttar Pradesh,BAHRAICH,2020,Rabi,165,4740.986022149935,34.8
Uttar Pradesh,BAHRAICH,2021,Kharif,166,4740.986022149935,35.01
Uttar Pradesh,BAHRAICH,2021,Rabi,335,4740.986022149935,70.66
Uttar Pradesh,BAHRAICH,2022,Kharif,107,4740.986022149935,22.57
Uttar Pradesh,BAHRAICH,2022,Rabi,241,4740.986022149935,50.83
Uttar Pradesh,BAHRAICH,2023,Kharif,168,4740.986022149935,35.44
Uttar Pradesh,BAHRAICH,2023,Rabi,131,4740.986022149935,27.63
Uttar Pradesh,BAHRAICH,2024,Kharif,240,4740.986022149935,50.62
Uttar Pradesh,BAHRAICH,2024,Rabi,460,4740.986022149935,97.03
Uttar Pradesh,BAHRAICH,2025,Kharif,281,4740.986022149935,59.27
Uttar Pradesh,BAHRAICH,2025,Rabi,500,4740.986022149935,105.46
Uttar Pradesh,BAHRAICH,2026,Rabi,243,4740.986022149935,51.26
Uttar Pradesh,BALLIA,2019,Kharif,92,2876.910128185481,31.98
Uttar Pradesh,BALLIA,2019,Rabi,884,2876.910128185481,307.27
Uttar Pradesh,BALLIA,2020,Kharif,399,2876.910128185481,138.69
Uttar Pradesh,BALLIA,2020,Rabi,92,2876.910128185481,31.98
Uttar Pradesh,BALLIA,2021,Kharif,261,2876.910128185481,90.72
Uttar Pradesh,BALLIA,2021,Rabi,419,2876.910128185481,145.64
Uttar Pradesh,BALLIA,2022,Kharif,203,2876.910128185481,70.56
Uttar Pradesh,BALLIA,2022,Rabi,363,2876.910128185481,126.18
Uttar Pradesh,BALLIA,2023,Kharif,180,2876.910128185481,62.57
Uttar Pradesh,BALLIA,2023,Rabi,495,2876.910128185481,172.06
Uttar Pradesh,BALLIA,2024,Kharif,311,2876.910128185481,108.1
Uttar Pradesh,BALLIA,2024,Rabi,1055,2876.910128185481,366.71
Uttar Pradesh,BALLIA,2025,Kharif,292,2876.910128185481,101.5
Uttar Pradesh,BALLIA,2025,Rabi,504,2876.910128185481,175.19
Uttar Pradesh,BALLIA,2026,Rabi,264,2876.910128185481,91.77
Uttar Pradesh,BALRAMPUR,2019,Kharif,40,3225.7387003772906,12.4
Uttar Pradesh,BALRAMPUR,2019,Rabi,556,3225.7387003772906,172.36
Uttar Pradesh,BALRAMPUR,2020,Kharif,157,3225.7387003772906,48.67
Uttar Pradesh,BALRAMPUR,2020,Rabi,117,3225.7387003772906,36.27
Uttar Pradesh,BALRAMPUR,2021,Kharif,73,3225.7387003772906,22.63
Uttar Pradesh,BALRAMPUR,2021,Rabi,372,3225.7387003772906,115.32
Uttar Pradesh,BALRAMPUR,2022,Kharif,65,3225.7387003772906,20.15
Uttar Pradesh,BALRAMPUR,2022,Rabi,428,3225.7387003772906,132.68
Uttar Pradesh,BALRAMPUR,2023,Kharif,134,3225.7387003772906,41.54
Uttar Pradesh,BALRAMPUR,2023,Rabi,274,3225.7387003772906,84.94
Uttar Pradesh,BALRAMPUR,2024,Kharif,96,3225.7387003772906,29.76
Uttar Pradesh,BALRAMPUR,2024,Rabi,682,3225.7387003772906,211.42
Uttar Pradesh,BALRAMPUR,2025,Kharif,137,3225.7387003772906,42.47
Uttar Pradesh,BALRAMPUR,2025,Rabi,380,3225.7387003772906,117.8
Uttar Pradesh,BALRAMPUR,2026,Rabi,470,3225.7387003772906,145.7
Uttar Pradesh,BANDA,2019,Kharif,81,4225.297575244712,19.17
Uttar Pradesh,BANDA,2019,Rabi,102,4225.297575244712,24.14
Uttar Pradesh,BANDA,2020,Kharif,158,4225.297575244712,37.39
Uttar Pradesh,BANDA,2020,Rabi,49,4225.297575244712,11.6
Uttar Pradesh,BANDA,2021,Kharif,53,4225.297575244712,12.54
Uttar Pradesh,BANDA,2021,Rabi,46,4225.297575244712,10.89
Uttar Pradesh,BANDA,2022,Kharif,116,4225.297575244712,27.45
Uttar Pradesh,BANDA,2022,Rabi,27,4225.297575244712,6.39
Uttar Pradesh,BANDA,2023,Kharif,150,4225.297575244712,35.5
Uttar Pradesh,BANDA,2023,Rabi,23,4225.297575244712,5.44
Uttar Pradesh,BANDA,2024,Kharif,296,4225.297575244712,70.05
Uttar Pradesh,BANDA,2024,Rabi,93,4225.297575244712,22.01
Uttar Pradesh,BANDA,2025,Kharif,242,4225.297575244712,57.27
Uttar Pradesh,BANDA,2025,Rabi,89,4225.297575244712,21.06
Uttar Pradesh,BANDA,2026,Rabi,124,4225.297575244712,29.35
Uttar Pradesh,BARA BANKI,2019,Kharif,108,3708.3476570096104,29.12
Uttar Pradesh,BARA BANKI,2019,Rabi,116,3708.3476570096104,31.28
Uttar Pradesh,BARA BANKI,2020,Kharif,87,3708.3476570096104,23.46
Uttar Pradesh,BARA BANKI,2020,Rabi,18,3708.3476570096104,4.85
Uttar Pradesh,BARA BANKI,2021,Kharif,130,3708.3476570096104,35.06
Uttar Pradesh,BARA BANKI,2021,Rabi,64,3708.3476570096104,17.26
Uttar Pradesh,BARA BANKI,2022,Kharif,148,3708.3476570096104,39.91
Uttar Pradesh,BARA BANKI,2022,Rabi,37,3708.3476570096104,9.98
Uttar Pradesh,BARA BANKI,2023,Kharif,203,3708.3476570096104,54.74
Uttar Pradesh,BARA BANKI,2023,Rabi,16,3708.3476570096104,4.31
Uttar Pradesh,BARA BANKI,2024,Kharif,193,3708.3476570096104,52.04
Uttar Pradesh,BARA BANKI,2024,Rabi,142,3708.3476570096104,38.29
Uttar Pradesh,BARA BANKI,2025,Kharif,214,3708.3476570096104,57.71
Uttar Pradesh,BARA BANKI,2025,Rabi,144,3708.3476570096104,38.83
Uttar Pradesh,BARA BANKI,2026,Rabi,76,3708.3476570096104,20.49
Uttar Pradesh,BAREILLY,2019,Kharif,263,3984.5525296959217,66.0
Uttar Pradesh,BAREILLY,2019,Rabi,376,3984.5525296959217,94.36
Uttar Pradesh,BAREILLY,2020,Kharif,246,3984.5525296959217,61.74
Uttar Pradesh,BAREILLY,2020,Rabi,151,3984.5525296959217,37.9
Uttar Pradesh,BAREILLY,2021,Kharif,274,3984.5525296959217,68.77
Uttar Pradesh,BAREILLY,2021,Rabi,266,3984.5525296959217,66.76
Uttar Pradesh,BAREILLY,2022,Kharif,345,3984.5525296959217,86.58
Uttar Pradesh,BAREILLY,2022,Rabi,225,3984.5525296959217,56.47
Uttar Pradesh,BAREILLY,2023,Kharif,291,3984.5525296959217,73.03
Uttar Pradesh,BAREILLY,2023,Rabi,84,3984.5525296959217,21.08
Uttar Pradesh,BAREILLY,2024,Kharif,253,3984.5525296959217,63.5
Uttar Pradesh,BAREILLY,2024,Rabi,289,3984.5525296959217,72.53
Uttar Pradesh,BAREILLY,2025,Kharif,240,3984.5525296959217,60.23
Uttar Pradesh,BAREILLY,2025,Rabi,396,3984.5525296959217,99.38
Uttar Pradesh,BAREILLY,2026,Rabi,155,3984.5525296959217,38.9
Uttar Pradesh,BASTI,2019,Kharif,74,2686.4189301090532,27.55
Uttar Pradesh,BASTI,2019,Rabi,1405,2686.4189301090532,523.0
Uttar Pradesh,BASTI,2020,Kharif,161,2686.4189301090532,59.93
Uttar Pradesh,BASTI,2020,Rabi,103,2686.4189301090532,38.34
Uttar Pradesh,BASTI,2021,Kharif,121,2686.4189301090532,45.04
Uttar Pradesh,BASTI,2021,Rabi,597,2686.4189301090532,222.23
Uttar Pradesh,BASTI,2022,Kharif,118,2686.4189301090532,43.92
Uttar Pradesh,BASTI,2022,Rabi,864,2686.4189301090532,321.62
Uttar Pradesh,BASTI,2023,Kharif,235,2686.4189301090532,87.48
Uttar Pradesh,BASTI,2023,Rabi,639,2686.4189301090532,237.86
Uttar Pradesh,BASTI,2024,Kharif,204,2686.4189301090532,75.94
Uttar Pradesh,BASTI,2024,Rabi,1392,2686.4189301090532,518.16
Uttar Pradesh,BASTI,2025,Kharif,305,2686.4189301090532,113.53
Uttar Pradesh,BASTI,2025,Rabi,614,2686.4189301090532,228.56
Uttar Pradesh,BASTI,2026,Rabi,1206,2686.4189301090532,448.92
Uttar Pradesh,BHADOHI,2019,Kharif,2,980.7558537062893,2.04
Uttar Pradesh,BHADOHI,2019,Rabi,5,980.7558537062893,5.1
Uttar Pradesh,BHADOHI,2020,Kharif,14,980.7558537062893,14.27
Uttar Pradesh,BHADOHI,2020,Rabi,3,980.7558537062893,3.06
Uttar Pradesh,BHADOHI,2021,Kharif,17,980.7558537062893,17.33
Uttar Pradesh,BHADOHI,2021,Rabi,4,980.7558537062893,4.08
Uttar Pradesh,BHADOHI,2022,Kharif,20,980.7558537062893,20.39
Uttar Pradesh,BHADOHI,2022,Rabi,7,980.7558537062893,7.14
Uttar Pradesh,BHADOHI,2023,Kharif,6,980.7558537062893,6.12
Uttar Pradesh,BHADOHI,2023,Rabi,7,980.7558537062893,7.14
Uttar Pradesh,BHADOHI,2024,Kharif,22,980.7558537062893,22.43
Uttar Pradesh,BHADOHI,2024,Rabi,10,980.7558537062893,10.2
Uttar Pradesh,BHADOHI,2025,Kharif,13,980.7558537062893,13.26
Uttar Pradesh,BHADOHI,2025,Rabi,8,980.7558537062893,8.16
Uttar Pradesh,BHADOHI,2026,Rabi,18,980.7558537062893,18.35
Uttar Pradesh,BIJNOR,2019,Kharif,96,4460.610098656767,21.52
Uttar Pradesh,BIJNOR,2019,Rabi,134,4460.610098656767,30.04
Uttar Pradesh,BIJNOR,2020,Kharif,224,4460.610098656767,50.22
Uttar Pradesh,BIJNOR,2020,Rabi,116,4460.610098656767,26.01
Uttar Pradesh,BIJNOR,2021,Kharif,184,4460.610098656767,41.25
Uttar Pradesh,BIJNOR,2021,Rabi,190,4460.610098656767,42.6
Uttar Pradesh,BIJNOR,2022,Kharif,201,4460.610098656767,45.06
Uttar Pradesh,BIJNOR,2022,Rabi,168,4460.610098656767,37.66
Uttar Pradesh,BIJNOR,2023,Kharif,150,4460.610098656767,33.63
Uttar Pradesh,BIJNOR,2023,Rabi,120,4460.610098656767,26.9
Uttar Pradesh,BIJNOR,2024,Kharif,274,4460.610098656767,61.43
Uttar Pradesh,BIJNOR,2024,Rabi,109,4460.610098656767,24.44
Uttar Pradesh,BIJNOR,2025,Kharif,120,4460.610098656767,26.9
Uttar Pradesh,BIJNOR,2025,Rabi,253,4460.610098656767,56.72
Uttar Pradesh,BIJNOR,2026,Rabi,106,4460.610098656767,23.76
Uttar Pradesh,BUDAUN,2019,Kharif,43,4112.520434805153,10.46
Uttar Pradesh,BUDAUN,2019,Rabi,109,4112.520434805153,26.5
Uttar Pradesh,BUDAUN,2020,Kharif,144,4112.520434805153,35.02
Uttar Pradesh,BUDAUN,2020,Rabi,120,4112.520434805153,29.18
Uttar Pradesh,BUDAUN,2021,Kharif,85,4112.520434805153,20.67
Uttar Pradesh,BUDAUN,2021,Rabi,110,4112.520434805153,26.75
Uttar Pradesh,BUDAUN,2022,Kharif,95,4112.520434805153,23.1
Uttar Pradesh,BUDAUN,2022,Rabi,66,4112.520434805153,16.05
Uttar Pradesh,BUDAUN,2023,Kharif,77,4112.520434805153,18.72
Uttar Pradesh,BUDAUN,2023,Rabi,39,4112.520434805153,9.48
Uttar Pradesh,BUDAUN,2024,Kharif,151,4112.520434805153,36.72
Uttar Pradesh,BUDAUN,2024,Rabi,85,4112.520434805153,20.67
Uttar Pradesh,BUDAUN,2025,Kharif,128,4112.520434805153,31.12
Uttar Pradesh,BUDAUN,2025,Rabi,112,4112.520434805153,27.23
Uttar Pradesh,BUDAUN,2026,Rabi,48,4112.520434805153,11.67
Uttar Pradesh,BULANDSHAHR,2019,Kharif,137,3561.9352159662844,38.46
Uttar Pradesh,BULANDSHAHR,2019,Rabi,71,3561.9352159662844,19.93
Uttar Pradesh,BULANDSHAHR,2020,Kharif,288,3561.9352159662844,80.85
Uttar Pradesh,BULANDSHAHR,2020,Rabi,61,3561.9352159662844,17.13
Uttar Pradesh,BULANDSHAHR,2021,Kharif,167,3561.9352159662844,46.88
Uttar Pradesh,BULANDSHAHR,2021,Rabi,95,3561.9352159662844,26.67
Uttar Pradesh,BULANDSHAHR,2022,Kharif,214,3561.9352159662844,60.08
Uttar Pradesh,BULANDSHAHR,2022,Rabi,54,3561.9352159662844,15.16
Uttar Pradesh,BULANDSHAHR,2023,Kharif,158,3561.9352159662844,44.36
Uttar Pradesh,BULANDSHAHR,2023,Rabi,53,3561.9352159662844,14.88
Uttar Pradesh,BULANDSHAHR,2024,Kharif,258,3561.9352159662844,72.43
Uttar Pradesh,BULANDSHAHR,2024,Rabi,69,3561.9352159662844,19.37
Uttar Pradesh,BULANDSHAHR,2025,Kharif,185,3561.9352159662844,51.94
Uttar Pradesh,BULANDSHAHR,2025,Rabi,79,3561.9352159662844,22.18
Uttar Pradesh,BULANDSHAHR,2026,Rabi,69,3561.9352159662844,19.37
Uttar Pradesh,CHANDAULI,2019,Kharif,157,2450.2872343913614,64.07
Uttar Pradesh,CHANDAULI,2019,Rabi,475,2450.2872343913614,193.85
Uttar Pradesh,CHANDAULI,2020,Kharif,541,2450.2872343913614,220.79
Uttar Pradesh,CHANDAULI,2020,Rabi,136,2450.2872343913614,55.5
Uttar Pradesh,CHANDAULI,2021,Kharif,787,2450.2872343913614,321.19
Uttar Pradesh,CHANDAULI,2021,Rabi,413,2450.2872343913614,168.55
Uttar Pradesh,CHANDAULI,2022,Kharif,835,2450.2872343913614,340.78
Uttar Pradesh,CHANDAULI,2022,Rabi,604,2450.2872343913614,246.5
Uttar Pradesh,CHANDAULI,2023,Kharif,538,2450.2872343913614,219.57
Uttar Pradesh,CHANDAULI,2023,Rabi,129,2450.2872343913614,52.65
Uttar Pradesh,CHANDAULI,2024,Kharif,1153,2450.2872343913614,470.56
Uttar Pradesh,CHANDAULI,2024,Rabi,744,2450.2872343913614,303.64
Uttar Pradesh,CHANDAULI,2025,Kharif,1034,2450.2872343913614,421.99
Uttar Pradesh,CHANDAULI,2025,Rabi,402,2450.2872343913614,164.06
Uttar Pradesh,CHANDAULI,2026,Rabi,607,2450.2872343913614,247.73
Uttar Pradesh,CHITRAKOOT,2019,Kharif,17,3125.852889271649,5.44
Uttar Pradesh,CHITRAKOOT,2019,Rabi,42,3125.852889271649,13.44
Uttar Pradesh,CHITRAKOOT,2020,Kharif,38,3125.852889271649,12.16
Uttar Pradesh,CHITRAKOOT,2020,Rabi,10,3125.852889271649,3.2
Uttar Pradesh,CHITRAKOOT,2021,Kharif,30,3125.852889271649,9.6
Uttar Pradesh,CHITRAKOOT,2021,Rabi,105,3125.852889271649,33.59
Uttar Pradesh,CHITRAKOOT,2022,Kharif,40,3125.852889271649,12.8
Uttar Pradesh,CHITRAKOOT,2022,Rabi,57,3125.852889271649,18.24
Uttar Pradesh,CHITRAKOOT,2023,Kharif,34,3125.852889271649,10.88
Uttar Pradesh,CHITRAKOOT,2023,Rabi,16,3125.852889271649,5.12
Uttar Pradesh,CHITRAKOOT,2024,Kharif,101,3125.852889271649,32.31
Uttar Pradesh,CHITRAKOOT,2024,Rabi,40,3125.852889271649,12.8
Uttar Pradesh,CHITRAKOOT,2025,Kharif,105,3125.852889271649,33.59
Uttar Pradesh,CHITRAKOOT,2025,Rabi,55,3125.852889271649,17.6
Uttar Pradesh,CHITRAKOOT,2026,Rabi,88,3125.852889271649,28.15
Uttar Pradesh,DEORIA,2019,Kharif,42,2421.548255143545,17.34
Uttar Pradesh,DEORIA,2019,Rabi,2260,2421.548255143545,933.29
Uttar Pradesh,DEORIA,2020,Kharif,182,2421.548255143545,75.16
Uttar Pradesh,DEORIA,2020,Rabi,168,2421.548255143545,69.38
Uttar Pradesh,DEORIA,2021,Kharif,136,2421.548255143545,56.16
Uttar Pradesh,DEORIA,2021,Rabi,941,2421.548255143545,388.59
Uttar Pradesh,DEORIA,2022,Kharif,184,2421.548255143545,75.98
Uttar Pradesh,DEORIA,2022,Rabi,1202,2421.548255143545,496.38
Uttar Pradesh,DEORIA,2023,Kharif,182,2421.548255143545,75.16
Uttar Pradesh,DEORIA,2023,Rabi,1081,2421.548255143545,446.41
Uttar Pradesh,DEORIA,2024,Kharif,245,2421.548255143545,101.17
Uttar Pradesh,DEORIA,2024,Rabi,2539,2421.548255143545,1048.5
Uttar Pradesh,DEORIA,2025,Kharif,319,2421.548255143545,131.73
Uttar Pradesh,DEORIA,2025,Rabi,1702,2421.548255143545,702.86
Uttar Pradesh,DEORIA,2026,Rabi,1957,2421.548255143545,808.16
Uttar Pradesh,ETAH,2019,Kharif,10,2338.665172316803,4.28
Uttar Pradesh,ETAH,2019,Rabi,15,2338.665172316803,6.41
Uttar Pradesh,ETAH,2020,Kharif,38,2338.665172316803,16.25
Uttar Pradesh,ETAH,2020,Rabi,8,2338.665172316803,3.42
Uttar Pradesh,ETAH,2021,Kharif,21,2338.665172316803,8.98
Uttar Pradesh,ETAH,2021,Rabi,12,2338.665172316803,5.13
Uttar Pradesh,ETAH,2022,Kharif,33,2338.665172316803,14.11
Uttar Pradesh,ETAH,2022,Rabi,1,2338.665172316803,0.43
Uttar Pradesh,ETAH,2023,Kharif,30,2338.665172316803,12.83
Uttar Pradesh,ETAH,2023,Rabi,10,2338.665172316803,4.28
Uttar Pradesh,ETAH,2024,Kharif,59,2338.665172316803,25.23
Uttar Pradesh,ETAH,2024,Rabi,17,2338.665172316803,7.27
Uttar Pradesh,ETAH,2025,Kharif,88,2338.665172316803,37.63
Uttar Pradesh,ETAH,2025,Rabi,48,2338.665172316803,20.52
Uttar Pradesh,ETAH,2026,Rabi,37,2338.665172316803,15.82
Uttar Pradesh,ETAWAH,2019,Kharif,112,2241.107391596127,49.98
Uttar Pradesh,ETAWAH,2019,Rabi,57,2241.107391596127,25.43
Uttar Pradesh,ETAWAH,2020,Kharif,207,2241.107391596127,92.37
Uttar Pradesh,ETAWAH,2020,Rabi,49,2241.107391596127,21.86
Uttar Pradesh,ETAWAH,2021,Kharif,230,2241.107391596127,102.63
Uttar Pradesh,ETAWAH,2021,Rabi,73,2241.107391596127,32.57
Uttar Pradesh,ETAWAH,2022,Kharif,210,2241.107391596127,93.7
Uttar Pradesh,ETAWAH,2022,Rabi,20,2241.107391596127,8.92
Uttar Pradesh,ETAWAH,2023,Kharif,261,2241.107391596127,116.46
Uttar Pradesh,ETAWAH,2023,Rabi,17,2241.107391596127,7.59
Uttar Pradesh,ETAWAH,2024,Kharif,333,2241.107391596127,148.59
Uttar Pradesh,ETAWAH,2024,Rabi,84,2241.107391596127,37.48
Uttar Pradesh,ETAWAH,2025,Kharif,313,2241.107391596127,139.66
Uttar Pradesh,ETAWAH,2025,Rabi,113,2241.107391596127,50.42
Uttar Pradesh,ETAWAH,2026,Rabi,89,2241.107391596127,39.71
Uttar Pradesh,FARRUKHABAD,2019,Kharif,23,2103.9003866685634,10.93
Uttar Pradesh,FARRUKHABAD,2019,Rabi,50,2103.9003866685634,23.77
Uttar Pradesh,FARRUKHABAD,2020,Kharif,54,2103.9003866685634,25.67
Uttar Pradesh,FARRUKHABAD,2020,Rabi,72,2103.9003866685634,34.22
Uttar Pradesh,FARRUKHABAD,2021,Kharif,16,2103.9003866685634,7.6
Uttar Pradesh,FARRUKHABAD,2021,Rabi,102,2103.9003866685634,48.48
Uttar Pradesh,FARRUKHABAD,2022,Kharif,37,2103.9003866685634,17.59
Uttar Pradesh,FARRUKHABAD,2022,Rabi,34,2103.9003866685634,16.16
Uttar Pradesh,FARRUKHABAD,2023,Kharif,22,2103.9003866685634,10.46
Uttar Pradesh,FARRUKHABAD,2023,Rabi,13,2103.9003866685634,6.18
Uttar Pradesh,FARRUKHABAD,2024,Kharif,42,2103.9003866685634,19.96
Uttar Pradesh,FARRUKHABAD,2024,Rabi,43,2103.9003866685634,20.44
Uttar Pradesh,FARRUKHABAD,2025,Kharif,30,2103.9003866685634,14.26
Uttar Pradesh,FARRUKHABAD,2025,Rabi,65,2103.9003866685634,30.89
Uttar Pradesh,FARRUKHABAD,2026,Rabi,59,2103.9003866685634,28.04
Uttar Pradesh,FATEHPUR,2019,Kharif,194,4021.2772132273208,48.24
Uttar Pradesh,FATEHPUR,2019,Rabi,154,4021.2772132273208,38.3
Uttar Pradesh,FATEHPUR,2020,Kharif,389,4021.2772132273208,96.74
Uttar Pradesh,FATEHPUR,2020,Rabi,59,4021.2772132273208,14.67
Uttar Pradesh,FATEHPUR,2021,Kharif,328,4021.2772132273208,81.57
Uttar Pradesh,FATEHPUR,2021,Rabi,136,4021.2772132273208,33.82
Uttar Pradesh,FATEHPUR,2022,Kharif,415,4021.2772132273208,103.2
Uttar Pradesh,FATEHPUR,2022,Rabi,139,4021.2772132273208,34.57
Uttar Pradesh,FATEHPUR,2023,Kharif,382,4021.2772132273208,94.99
Uttar Pradesh,FATEHPUR,2023,Rabi,99,4021.2772132273208,24.62
Uttar Pradesh,FATEHPUR,2024,Kharif,574,4021.2772132273208,142.74
Uttar Pradesh,FATEHPUR,2024,Rabi,225,4021.2772132273208,55.95
Uttar Pradesh,FATEHPUR,2025,Kharif,541,4021.2772132273208,134.53
Uttar Pradesh,FATEHPUR,2025,Rabi,214,4021.2772132273208,53.22
Uttar Pradesh,FATEHPUR,2026,Rabi,308,4021.2772132273208,76.59
Uttar Pradesh,FIROZABAD,2019,Kharif,30,2331.3826194264193,12.87
Uttar Pradesh,FIROZABAD,2019,Rabi,9,2331.3826194264193,3.86
Uttar Pradesh,FIROZABAD,2020,Kharif,57,2331.3826194264193,24.45
Uttar Pradesh,FIROZABAD,2020,Rabi,7,2331.3826194264193,3.0
Uttar Pradesh,FIROZABAD,2021,Kharif,34,2331.3826194264193,14.58
Uttar Pradesh,FIROZABAD,2021,Rabi,24,2331.3826194264193,10.29
Uttar Pradesh,FIROZABAD,2022,Kharif,23,2331.3826194264193,9.87
Uttar Pradesh,FIROZABAD,2022,Rabi,10,2331.3826194264193,4.29
Uttar Pradesh,FIROZABAD,2023,Kharif,33,2331.3826194264193,14.15
Uttar Pradesh,FIROZABAD,2023,Rabi,2,2331.3826194264193,0.86
Uttar Pradesh,FIROZABAD,2024,Kharif,71,2331.3826194264193,30.45
Uttar Pradesh,FIROZABAD,2024,Rabi,24,2331.3826194264193,10.29
Uttar Pradesh,FIROZABAD,2025,Kharif,83,2331.3826194264193,35.6
Uttar Pradesh,FIROZABAD,2025,Rabi,15,2331.3826194264193,6.43
Uttar Pradesh,FIROZABAD,2026,Rabi,20,2331.3826194264193,8.58
Uttar Pradesh,GAUTAM BUDDHA NAGAR,2019,Kharif,35,1206.0039825376684,29.02
Uttar Pradesh,GAUTAM BUDDHA NAGAR,2019,Rabi,99,1206.0039825376684,82.09
Uttar Pradesh,GAUTAM BUDDHA NAGAR,2020,Kharif,43,1206.0039825376684,35.65
Uttar Pradesh,GAUTAM BUDDHA NAGAR,2020,Rabi,69,1206.0039825376684,57.21
Uttar Pradesh,GAUTAM BUDDHA NAGAR,2021,Kharif,38,1206.0039825376684,31.51
Uttar Pradesh,GAUTAM BUDDHA NAGAR,2021,Rabi,145,1206.0039825376684,120.23
Uttar Pradesh,GAUTAM BUDDHA NAGAR,2022,Kharif,36,1206.0039825376684,29.85
Uttar Pradesh,GAUTAM BUDDHA NAGAR,2022,Rabi,67,1206.0039825376684,55.56
Uttar Pradesh,GAUTAM BUDDHA NAGAR,2023,Kharif,44,1206.0039825376684,36.48
Uttar Pradesh,GAUTAM BUDDHA NAGAR,2023,Rabi,73,1206.0039825376684,60.53
Uttar Pradesh,GAUTAM BUDDHA NAGAR,2024,Kharif,71,1206.0039825376684,58.87
Uttar Pradesh,GAUTAM BUDDHA NAGAR,2024,Rabi,85,1206.0039825376684,70.48
Uttar Pradesh,GAUTAM BUDDHA NAGAR,2025,Kharif,52,1206.0039825376684,43.12
Uttar Pradesh,GAUTAM BUDDHA NAGAR,2025,Rabi,100,1206.0039825376684,82.92
Uttar Pradesh,GAUTAM BUDDHA NAGAR,2026,Rabi,87,1206.0039825376684,72.14
Uttar Pradesh,GHAZIABAD,2019,Kharif,77,885.0517188080605,87.0
Uttar Pradesh,GHAZIABAD,2019,Rabi,23,885.0517188080605,25.99
Uttar Pradesh,GHAZIABAD,2020,Kharif,155,885.0517188080605,175.13
Uttar Pradesh,GHAZIABAD,2020,Rabi,17,885.0517188080605,19.21
Uttar Pradesh,GHAZIABAD,2021,Kharif,114,885.0517188080605,128.81
Uttar Pradesh,GHAZIABAD,2021,Rabi,31,885.0517188080605,35.03
Uttar Pradesh,GHAZIABAD,2022,Kharif,101,885.0517188080605,114.12
Uttar Pradesh,GHAZIABAD,2022,Rabi,26,885.0517188080605,29.38
Uttar Pradesh,GHAZIABAD,2023,Kharif,110,885.0517188080605,124.29
Uttar Pradesh,GHAZIABAD,2023,Rabi,50,885.0517188080605,56.49
Uttar Pradesh,GHAZIABAD,2024,Kharif,107,885.0517188080605,120.9
Uttar Pradesh,GHAZIABAD,2024,Rabi,66,885.0517188080605,74.57
Uttar Pradesh,GHAZIABAD,2025,Kharif,88,885.0517188080605,99.43
Uttar Pradesh,GHAZIABAD,2025,Rabi,61,885.0517188080605,68.92
Uttar Pradesh,GHAZIABAD,2026,Rabi,61,885.0517188080605,68.92
Uttar Pradesh,GHAZIPUR,2019,Kharif,88,3252.3140712583076,27.06
Uttar Pradesh,GHAZIPUR,2019,Rabi,253,3252.3140712583076,77.79
Uttar Pradesh,GHAZIPUR,2020,Kharif,244,3252.3140712583076,75.02
Uttar Pradesh,GHAZIPUR,2020,Rabi,80,3252.3140712583076,24.6
Uttar Pradesh,GHAZIPUR,2021,Kharif,293,3252.3140712583076,90.09
Uttar Pradesh,GHAZIPUR,2021,Rabi,115,3252.3140712583076,35.36
Uttar Pradesh,GHAZIPUR,2022,Kharif,478,3252.3140712583076,146.97
Uttar Pradesh,GHAZIPUR,2022,Rabi,202,3252.3140712583076,62.11
Uttar Pradesh,GHAZIPUR,2023,Kharif,331,3252.3140712583076,101.77
Uttar Pradesh,GHAZIPUR,2023,Rabi,89,3252.3140712583076,27.37
Uttar Pradesh,GHAZIPUR,2024,Kharif,646,3252.3140712583076,198.63
Uttar Pradesh,GHAZIPUR,2024,Rabi,349,3252.3140712583076,107.31
Uttar Pradesh,GHAZIPUR,2025,Kharif,429,3252.3140712583076,131.91
Uttar Pradesh,GHAZIPUR,2025,Rabi,292,3252.3140712583076,89.78
Uttar Pradesh,GHAZIPUR,2026,Rabi,355,3252.3140712583076,109.15
Uttar Pradesh,GONDA,2019,Kharif,33,3838.937100809667,8.6
Uttar Pradesh,GONDA,2019,Rabi,210,3838.937100809667,54.7
Uttar Pradesh,GONDA,2020,Kharif,71,3838.937100809667,18.49
Uttar Pradesh,GONDA,2020,Rabi,44,3838.937100809667,11.46
Uttar Pradesh,GONDA,2021,Kharif,54,3838.937100809667,14.07
Uttar Pradesh,GONDA,2021,Rabi,45,3838.937100809667,11.72
Uttar Pradesh,GONDA,2022,Kharif,95,3838.937100809667,24.75
Uttar Pradesh,GONDA,2022,Rabi,71,3838.937100809667,18.49
Uttar Pradesh,GONDA,2023,Kharif,80,3838.937100809667,20.84
Uttar Pradesh,GONDA,2023,Rabi,64,3838.937100809667,16.67
Uttar Pradesh,GONDA,2024,Kharif,134,3838.937100809667,34.91
Uttar Pradesh,GONDA,2024,Rabi,187,3838.937100809667,48.71
Uttar Pradesh,GONDA,2025,Kharif,142,3838.937100809667,36.99
Uttar Pradesh,GONDA,2025,Rabi,184,3838.937100809667,47.93
Uttar Pradesh,GONDA,2026,Rabi,160,3838.937100809667,41.68
Uttar Pradesh,GORAKHPUR,2019,Kharif,51,3208.3691542242705,15.9
Uttar Pradesh,GORAKHPUR,2019,Rabi,3106,3208.3691542242705,968.09
Uttar Pradesh,GORAKHPUR,2020,Kharif,96,3208.3691542242705,29.92
Uttar Pradesh,GORAKHPUR,2020,Rabi,333,3208.3691542242705,103.79
Uttar Pradesh,GORAKHPUR,2021,Kharif,105,3208.3691542242705,32.73
Uttar Pradesh,GORAKHPUR,2021,Rabi,1218,3208.3691542242705,379.63
Uttar Pradesh,GORAKHPUR,2022,Kharif,216,3208.3691542242705,67.32
Uttar Pradesh,GORAKHPUR,2022,Rabi,1591,3208.3691542242705,495.89
Uttar Pradesh,GORAKHPUR,2023,Kharif,318,3208.3691542242705,99.12
Uttar Pradesh,GORAKHPUR,2023,Rabi,1473,3208.3691542242705,459.11
Uttar Pradesh,GORAKHPUR,2024,Kharif,367,3208.3691542242705,114.39
Uttar Pradesh,GORAKHPUR,2024,Rabi,3246,3208.3691542242705,1011.73
Uttar Pradesh,GORAKHPUR,2025,Kharif,426,3208.3691542242705,132.78
Uttar Pradesh,GORAKHPUR,2025,Rabi,1608,3208.3691542242705,501.19
Uttar Pradesh,GORAKHPUR,2026,Rabi,2626,3208.3691542242705,818.48
Uttar Pradesh,HAMIRPUR,2019,Kharif,80,3755.8365440168623,21.3
Uttar Pradesh,HAMIRPUR,2019,Rabi,724,3755.8365440168623,192.77
Uttar Pradesh,HAMIRPUR,2020,Kharif,30,3755.8365440168623,7.99
Uttar Pradesh,HAMIRPUR,2020,Rabi,268,3755.8365440168623,71.36
Uttar Pradesh,HAMIRPUR,2021,Kharif,26,3755.8365440168623,6.92
Uttar Pradesh,HAMIRPUR,2021,Rabi,140,3755.8365440168623,37.28
Uttar Pradesh,HAMIRPUR,2022,Kharif,97,3755.8365440168623,25.83
Uttar Pradesh,HAMIRPUR,2022,Rabi,65,3755.8365440168623,17.31
Uttar Pradesh,HAMIRPUR,2023,Kharif,135,3755.8365440168623,35.94
Uttar Pradesh,HAMIRPUR,2023,Rabi,188,3755.8365440168623,50.06
Uttar Pradesh,HAMIRPUR,2024,Kharif,316,3755.8365440168623,84.14
Uttar Pradesh,HAMIRPUR,2024,Rabi,357,3755.8365440168623,95.05
Uttar Pradesh,HAMIRPUR,2025,Kharif,345,3755.8365440168623,91.86
Uttar Pradesh,HAMIRPUR,2025,Rabi,628,3755.8365440168623,167.21
Uttar Pradesh,HAMIRPUR,2026,Rabi,694,3755.8365440168623,184.78
Uttar Pradesh,HAPUR,2019,Kharif,83,1096.1548961107853,75.72
Uttar Pradesh,HAPUR,2019,Rabi,28,1096.1548961107853,25.54
Uttar Pradesh,HAPUR,2020,Kharif,160,1096.1548961107853,145.96
Uttar Pradesh,HAPUR,2020,Rabi,18,1096.1548961107853,16.42
Uttar Pradesh,HAPUR,2021,Kharif,98,1096.1548961107853,89.4
Uttar Pradesh,HAPUR,2021,Rabi,44,1096.1548961107853,40.14
Uttar Pradesh,HAPUR,2022,Kharif,127,1096.1548961107853,115.86
Uttar Pradesh,HAPUR,2022,Rabi,40,1096.1548961107853,36.49
Uttar Pradesh,HAPUR,2023,Kharif,123,1096.1548961107853,112.21
Uttar Pradesh,HAPUR,2023,Rabi,27,1096.1548961107853,24.63
Uttar Pradesh,HAPUR,2024,Kharif,163,1096.1548961107853,148.7
Uttar Pradesh,HAPUR,2024,Rabi,36,1096.1548961107853,32.84
Uttar Pradesh,HAPUR,2025,Kharif,118,1096.1548961107853,107.65
Uttar Pradesh,HAPUR,2025,Rabi,44,1096.1548961107853,40.14
Uttar Pradesh,HAPUR,2026,Rabi,53,1096.1548961107853,48.35
Uttar Pradesh,HARDOI,2019,Kharif,251,5772.477344579124,43.48
Uttar Pradesh,HARDOI,2019,Rabi,807,5772.477344579124,139.8
Uttar Pradesh,HARDOI,2020,Kharif,330,5772.477344579124,57.17
Uttar Pradesh,HARDOI,2020,Rabi,384,5772.477344579124,66.52
Uttar Pradesh,HARDOI,2021,Kharif,301,5772.477344579124,52.14
Uttar Pradesh,HARDOI,2021,Rabi,449,5772.477344579124,77.78
Uttar Pradesh,HARDOI,2022,Kharif,325,5772.477344579124,56.3
Uttar Pradesh,HARDOI,2022,Rabi,242,5772.477344579124,41.92
Uttar Pradesh,HARDOI,2023,Kharif,302,5772.477344579124,52.32
Uttar Pradesh,HARDOI,2023,Rabi,222,5772.477344579124,38.46
Uttar Pradesh,HARDOI,2024,Kharif,461,5772.477344579124,79.86
Uttar Pradesh,HARDOI,2024,Rabi,331,5772.477344579124,57.34
Uttar Pradesh,HARDOI,2025,Kharif,435,5772.477344579124,75.36
Uttar Pradesh,HARDOI,2025,Rabi,693,5772.477344579124,120.05
Uttar Pradesh,HARDOI,2026,Rabi,281,5772.477344579124,48.68
Uttar Pradesh,HATHRAS,2019,Kharif,5,1720.321053718979,2.91
Uttar Pradesh,HATHRAS,2019,Rabi,4,1720.321053718979,2.33
Uttar Pradesh,HATHRAS,2020,Kharif,6,1720.321053718979,3.49
Uttar Pradesh,HATHRAS,2020,Rabi,3,1720.321053718979,1.74
Uttar Pradesh,HATHRAS,2021,Kharif,2,1720.321053718979,1.16
Uttar Pradesh,HATHRAS,2021,Rabi,7,1720.321053718979,4.07
Uttar Pradesh,HATHRAS,2022,Kharif,8,1720.321053718979,4.65
Uttar Pradesh,HATHRAS,2022,Rabi,5,1720.321053718979,2.91
Uttar Pradesh,HATHRAS,2023,Kharif,11,1720.321053718979,6.39
Uttar Pradesh,HATHRAS,2023,Rabi,4,1720.321053718979,2.33
Uttar Pradesh,HATHRAS,2024,Kharif,30,1720.321053718979,17.44
Uttar Pradesh,HATHRAS,2024,Rabi,9,1720.321053718979,5.23
Uttar Pradesh,HATHRAS,2025,Kharif,32,1720.321053718979,18.6
Uttar Pradesh,HATHRAS,2025,Rabi,19,1720.321053718979,11.04
Uttar Pradesh,HATHRAS,2026,Rabi,34,1720.321053718979,19.76
Uttar Pradesh,JALAUN,2019,Kharif,311,4393.854086744032,70.78
Uttar Pradesh,JALAUN,2019,Rabi,633,4393.854086744032,144.06
Uttar Pradesh,JALAUN,2020,Kharif,161,4393.854086744032,36.64
Uttar Pradesh,JALAUN,2020,Rabi,396,4393.854086744032,90.13
Uttar Pradesh,JALAUN,2021,Kharif,204,4393.854086744032,46.43
Uttar Pradesh,JALAUN,2021,Rabi,240,4393.854086744032,54.62
Uttar Pradesh,JALAUN,2022,Kharif,402,4393.854086744032,91.49
Uttar Pradesh,JALAUN,2022,Rabi,78,4393.854086744032,17.75
Uttar Pradesh,JALAUN,2023,Kharif,605,4393.854086744032,137.69
Uttar Pradesh,JALAUN,2023,Rabi,84,4393.854086744032,19.12
Uttar Pradesh,JALAUN,2024,Kharif,1491,4393.854086744032,339.34
Uttar Pradesh,JALAUN,2024,Rabi,648,4393.854086744032,147.48
Uttar Pradesh,JALAUN,2025,Kharif,1042,4393.854086744032,237.15
Uttar Pradesh,JALAUN,2025,Rabi,680,4393.854086744032,154.76
Uttar Pradesh,JALAUN,2026,Rabi,536,4393.854086744032,121.99
Uttar Pradesh,JAUNPUR,2019,Kharif,54,3882.2830995274585,13.91
Uttar Pradesh,JAUNPUR,2019,Rabi,208,3882.2830995274585,53.58
Uttar Pradesh,JAUNPUR,2020,Kharif,156,3882.2830995274585,40.18
Uttar Pradesh,JAUNPUR,2020,Rabi,40,3882.2830995274585,10.3
Uttar Pradesh,JAUNPUR,2021,Kharif,170,3882.2830995274585,43.79
Uttar Pradesh,JAUNPUR,2021,Rabi,97,3882.2830995274585,24.99
Uttar Pradesh,JAUNPUR,2022,Kharif,181,3882.2830995274585,46.62
Uttar Pradesh,JAUNPUR,2022,Rabi,80,3882.2830995274585,20.61
Uttar Pradesh,JAUNPUR,2023,Kharif,151,3882.2830995274585,38.89
Uttar Pradesh,JAUNPUR,2023,Rabi,41,3882.2830995274585,10.56
Uttar Pradesh,JAUNPUR,2024,Kharif,219,3882.2830995274585,56.41
Uttar Pradesh,JAUNPUR,2024,Rabi,239,3882.2830995274585,61.56
Uttar Pradesh,JAUNPUR,2025,Kharif,209,3882.2830995274585,53.83
Uttar Pradesh,JAUNPUR,2025,Rabi,155,3882.2830995274585,39.92
Uttar Pradesh,JAUNPUR,2026,Rabi,235,3882.2830995274585,60.53
Uttar Pradesh,JHANSI,2019,Kharif,565,4831.6565173439785,116.94
Uttar Pradesh,JHANSI,2019,Rabi,1328,4831.6565173439785,274.85
Uttar Pradesh,JHANSI,2020,Kharif,661,4831.6565173439785,136.81
Uttar Pradesh,JHANSI,2020,Rabi,802,4831.6565173439785,165.99
Uttar Pradesh,JHANSI,2021,Kharif,378,4831.6565173439785,78.23
Uttar Pradesh,JHANSI,2021,Rabi,648,4831.6565173439785,134.12
Uttar Pradesh,JHANSI,2022,Kharif,277,4831.6565173439785,57.33
Uttar Pradesh,JHANSI,2022,Rabi,227,4831.6565173439785,46.98
Uttar Pradesh,JHANSI,2023,Kharif,360,4831.6565173439785,74.51
Uttar Pradesh,JHANSI,2023,Rabi,331,4831.6565173439785,68.51
Uttar Pradesh,JHANSI,2024,Kharif,560,4831.6565173439785,115.9
Uttar Pradesh,JHANSI,2024,Rabi,992,4831.6565173439785,205.31
Uttar Pradesh,JHANSI,2025,Kharif,1362,4831.6565173439785,281.89
Uttar Pradesh,JHANSI,2025,Rabi,1248,4831.6565173439785,258.3
Uttar Pradesh,JHANSI,2026,Rabi,1378,4831.6565173439785,285.2
Uttar Pradesh,KANNAUJ,2019,Kharif,21,2019.9258188545239,10.4
Uttar Pradesh,KANNAUJ,2019,Rabi,7,2019.9258188545239,3.47
Uttar Pradesh,KANNAUJ,2020,Kharif,74,2019.9258188545239,36.64
Uttar Pradesh,KANNAUJ,2020,Rabi,20,2019.9258188545239,9.9
Uttar Pradesh,KANNAUJ,2021,Kharif,10,2019.9258188545239,4.95
Uttar Pradesh,KANNAUJ,2021,Rabi,7,2019.9258188545239,3.47
Uttar Pradesh,KANNAUJ,2022,Kharif,19,2019.9258188545239,9.41
Uttar Pradesh,KANNAUJ,2022,Rabi,19,2019.9258188545239,9.41
Uttar Pradesh,KANNAUJ,2023,Kharif,33,2019.9258188545239,16.34
Uttar Pradesh,KANNAUJ,2023,Rabi,4,2019.9258188545239,1.98
Uttar Pradesh,KANNAUJ,2024,Kharif,65,2019.9258188545239,32.18
Uttar Pradesh,KANNAUJ,2024,Rabi,25,2019.9258188545239,12.38
Uttar Pradesh,KANNAUJ,2025,Kharif,65,2019.9258188545239,32.18
Uttar Pradesh,KANNAUJ,2025,Rabi,25,2019.9258188545239,12.38
Uttar Pradesh,KANNAUJ,2026,Rabi,30,2019.9258188545239,14.85
Uttar Pradesh,KANPUR DEHAT,2019,Kharif,166,3046.9476897812406,54.48
Uttar Pradesh,KANPUR DEHAT,2019,Rabi,140,3046.9476897812406,45.95
Uttar Pradesh,KANPUR DEHAT,2020,Kharif,277,3046.9476897812406,90.91
Uttar Pradesh,KANPUR DEHAT,2020,Rabi,135,3046.9476897812406,44.31
Uttar Pradesh,KANPUR DEHAT,2021,Kharif,95,3046.9476897812406,31.18
Uttar Pradesh,KANPUR DEHAT,2021,Rabi,191,3046.9476897812406,62.69
Uttar Pradesh,KANPUR DEHAT,2022,Kharif,231,3046.9476897812406,75.81
Uttar Pradesh,KANPUR DEHAT,2022,Rabi,90,3046.9476897812406,29.54
Uttar Pradesh,KANPUR DEHAT,2023,Kharif,289,3046.9476897812406,94.85
Uttar Pradesh,KANPUR DEHAT,2023,Rabi,79,3046.9476897812406,25.93
Uttar Pradesh,KANPUR DEHAT,2024,Kharif,393,3046.9476897812406,128.98
Uttar Pradesh,KANPUR DEHAT,2024,Rabi,173,3046.9476897812406,56.78
Uttar Pradesh,KANPUR DEHAT,2025,Kharif,562,3046.9476897812406,184.45
Uttar Pradesh,KANPUR DEHAT,2025,Rabi,257,3046.9476897812406,84.35
Uttar Pradesh,KANPUR DEHAT,2026,Rabi,354,3046.9476897812406,116.18
Uttar Pradesh,KANPUR NAGAR,2019,Kharif,35,2893.624834532959,12.1
Uttar Pradesh,KANPUR NAGAR,2019,Rabi,81,2893.624834532959,27.99
Uttar Pradesh,KANPUR NAGAR,2020,Kharif,121,2893.624834532959,41.82
Uttar Pradesh,KANPUR NAGAR,2020,Rabi,55,2893.624834532959,19.01
Uttar Pradesh,KANPUR NAGAR,2021,Kharif,64,2893.624834532959,22.12
Uttar Pradesh,KANPUR NAGAR,2021,Rabi,127,2893.624834532959,43.89
Uttar Pradesh,KANPUR NAGAR,2022,Kharif,83,2893.624834532959,28.68
Uttar Pradesh,KANPUR NAGAR,2022,Rabi,63,2893.624834532959,21.77
Uttar Pradesh,KANPUR NAGAR,2023,Kharif,102,2893.624834532959,35.25
Uttar Pradesh,KANPUR NAGAR,2023,Rabi,17,2893.624834532959,5.87
Uttar Pradesh,KANPUR NAGAR,2024,Kharif,206,2893.624834532959,71.19
Uttar Pradesh,KANPUR NAGAR,2024,Rabi,120,2893.624834532959,41.47
Uttar Pradesh,KANPUR NAGAR,2025,Kharif,245,2893.624834532959,84.67
Uttar Pradesh,KANPUR NAGAR,2025,Rabi,159,2893.624834532959,54.95
Uttar Pradesh,KANPUR NAGAR,2026,Rabi,235,2893.624834532959,81.21
Uttar Pradesh,KASGANJ,2019,Kharif,15,1893.4807368141785,7.92
Uttar Pradesh,KASGANJ,2019,Rabi,32,1893.4807368141785,16.9
Uttar Pradesh,KASGANJ,2020,Kharif,36,1893.4807368141785,19.01
Uttar Pradesh,KASGANJ,2020,Rabi,21,1893.4807368141785,11.09
Uttar Pradesh,KASGANJ,2021,Kharif,8,1893.4807368141785,4.23
Uttar Pradesh,KASGANJ,2021,Rabi,63,1893.4807368141785,33.27
Uttar Pradesh,KASGANJ,2022,Kharif,18,1893.4807368141785,9.51
Uttar Pradesh,KASGANJ,2022,Rabi,31,1893.4807368141785,16.37
Uttar Pradesh,KASGANJ,2023,Kharif,13,1893.4807368141785,6.87
Uttar Pradesh,KASGANJ,2023,Rabi,19,1893.4807368141785,10.03
Uttar Pradesh,KASGANJ,2024,Kharif,24,1893.4807368141785,12.68
Uttar Pradesh,KASGANJ,2024,Rabi,28,1893.4807368141785,14.79
Uttar Pradesh,KASGANJ,2025,Kharif,33,1893.4807368141785,17.43
Uttar Pradesh,KASGANJ,2025,Rabi,58,1893.4807368141785,30.63
Uttar Pradesh,KASGANJ,2026,Rabi,25,1893.4807368141785,13.2
Uttar Pradesh,KAUSHAMBI,2019,Kharif,79,1740.1480943427903,45.4
Uttar Pradesh,KAUSHAMBI,2019,Rabi,37,1740.1480943427903,21.26
Uttar Pradesh,KAUSHAMBI,2020,Kharif,201,1740.1480943427903,115.51
Uttar Pradesh,KAUSHAMBI,2020,Rabi,12,1740.1480943427903,6.9
Uttar Pradesh,KAUSHAMBI,2021,Kharif,173,1740.1480943427903,99.42
Uttar Pradesh,KAUSHAMBI,2021,Rabi,27,1740.1480943427903,15.52
Uttar Pradesh,KAUSHAMBI,2022,Kharif,177,1740.1480943427903,101.72
Uttar Pradesh,KAUSHAMBI,2022,Rabi,24,1740.1480943427903,13.79
Uttar Pradesh,KAUSHAMBI,2023,Kharif,194,1740.1480943427903,111.48
Uttar Pradesh,KAUSHAMBI,2023,Rabi,14,1740.1480943427903,8.05
Uttar Pradesh,KAUSHAMBI,2024,Kharif,206,1740.1480943427903,118.38
Uttar Pradesh,KAUSHAMBI,2024,Rabi,31,1740.1480943427903,17.81
Uttar Pradesh,KAUSHAMBI,2025,Kharif,243,1740.1480943427903,139.64
Uttar Pradesh,KAUSHAMBI,2025,Rabi,47,1740.1480943427903,27.01
Uttar Pradesh,KAUSHAMBI,2026,Rabi,63,1740.1480943427903,36.2
Uttar Pradesh,KHERI,2019,Kharif,647,7435.233931613212,87.02
Uttar Pradesh,KHERI,2019,Rabi,691,7435.233931613212,92.94
Uttar Pradesh,KHERI,2020,Kharif,723,7435.233931613212,97.24
Uttar Pradesh,KHERI,2020,Rabi,501,7435.233931613212,67.38
Uttar Pradesh,KHERI,2021,Kharif,644,7435.233931613212,86.61
Uttar Pradesh,KHERI,2021,Rabi,658,7435.233931613212,88.5
Uttar Pradesh,KHERI,2022,Kharif,932,7435.233931613212,125.35
Uttar Pradesh,KHERI,2022,Rabi,558,7435.233931613212,75.05
Uttar Pradesh,KHERI,2023,Kharif,681,7435.233931613212,91.59
Uttar Pradesh,KHERI,2023,Rabi,513,7435.233931613212,69.0
Uttar Pradesh,KHERI,2024,Kharif,1041,7435.233931613212,140.01
Uttar Pradesh,KHERI,2024,Rabi,710,7435.233931613212,95.49
Uttar Pradesh,KHERI,2025,Kharif,840,7435.233931613212,112.98
Uttar Pradesh,KHERI,2025,Rabi,831,7435.233931613212,111.77
Uttar Pradesh,KHERI,2026,Rabi,535,7435.233931613212,71.95
Uttar Pradesh,KUSHINAGAR,2019,Kharif,130,2793.3421708398314,46.54
Uttar Pradesh,KUSHINAGAR,2019,Rabi,489,2793.3421708398314,175.06
Uttar Pradesh,KUSHINAGAR,2020,Kharif,206,2793.3421708398314,73.75
Uttar Pradesh,KUSHINAGAR,2020,Rabi,93,2793.3421708398314,33.29
Uttar Pradesh,KUSHINAGAR,2021,Kharif,179,2793.3421708398314,64.08
Uttar Pradesh,KUSHINAGAR,2021,Rabi,224,2793.3421708398314,80.19
Uttar Pradesh,KUSHINAGAR,2022,Kharif,364,2793.3421708398314,130.31
Uttar Pradesh,KUSHINAGAR,2022,Rabi,377,2793.3421708398314,134.96
Uttar Pradesh,KUSHINAGAR,2023,Kharif,394,2793.3421708398314,141.05
Uttar Pradesh,KUSHINAGAR,2023,Rabi,296,2793.3421708398314,105.97
Uttar Pradesh,KUSHINAGAR,2024,Kharif,610,2793.3421708398314,218.38
Uttar Pradesh,KUSHINAGAR,2024,Rabi,847,2793.3421708398314,303.22
Uttar Pradesh,KUSHINAGAR,2025,Kharif,505,2793.3421708398314,180.79
Uttar Pradesh,KUSHINAGAR,2025,Rabi,521,2793.3421708398314,186.51
Uttar Pradesh,KUSHINAGAR,2026,Rabi,438,2793.3421708398314,156.8
Uttar Pradesh,LALITPUR,2019,Kharif,4,4851.866573408402,0.82
Uttar Pradesh,LALITPUR,2019,Rabi,1288,4851.866573408402,265.46
Uttar Pradesh,LALITPUR,2020,Kharif,6,4851.866573408402,1.24
Uttar Pradesh,LALITPUR,2020,Rabi,1260,4851.866573408402,259.69
Uttar Pradesh,LALITPUR,2021,Kharif,5,4851.866573408402,1.03
Uttar Pradesh,LALITPUR,2021,Rabi,625,4851.866573408402,128.82
Uttar Pradesh,LALITPUR,2022,Kharif,11,4851.866573408402,2.27
Uttar Pradesh,LALITPUR,2022,Rabi,220,4851.866573408402,45.34
Uttar Pradesh,LALITPUR,2023,Kharif,11,4851.866573408402,2.27
Uttar Pradesh,LALITPUR,2023,Rabi,224,4851.866573408402,46.17
Uttar Pradesh,LALITPUR,2024,Kharif,11,4851.866573408402,2.27
Uttar Pradesh,LALITPUR,2024,Rabi,456,4851.866573408402,93.98
Uttar Pradesh,LALITPUR,2025,Kharif,9,4851.866573408402,1.85
Uttar Pradesh,LALITPUR,2025,Rabi,1200,4851.866573408402,247.33
Uttar Pradesh,LALITPUR,2026,Rabi,801,4851.866573408402,165.09
Uttar Pradesh,LUCKNOW,2019,Kharif,29,2438.586111081815,11.89
Uttar Pradesh,LUCKNOW,2019,Rabi,48,2438.586111081815,19.68
Uttar Pradesh,LUCKNOW,2020,Kharif,65,2438.586111081815,26.65
Uttar Pradesh,LUCKNOW,2020,Rabi,20,2438.586111081815,8.2
Uttar Pradesh,LUCKNOW,2021,Kharif,53,2438.586111081815,21.73
Uttar Pradesh,LUCKNOW,2021,Rabi,27,2438.586111081815,11.07
Uttar Pradesh,LUCKNOW,2022,Kharif,70,2438.586111081815,28.71
Uttar Pradesh,LUCKNOW,2022,Rabi,21,2438.586111081815,8.61
Uttar Pradesh,LUCKNOW,2023,Kharif,80,2438.586111081815,32.81
Uttar Pradesh,LUCKNOW,2023,Rabi,20,2438.586111081815,8.2
Uttar Pradesh,LUCKNOW,2024,Kharif,109,2438.586111081815,44.7
Uttar Pradesh,LUCKNOW,2024,Rabi,54,2438.586111081815,22.14
Uttar Pradesh,LUCKNOW,2025,Kharif,123,2438.586111081815,50.44
Uttar Pradesh,LUCKNOW,2025,Rabi,61,2438.586111081815,25.01
Uttar Pradesh,LUCKNOW,2026,Rabi,34,2438.586111081815,13.94
Uttar Pradesh,MAHOBA,2019,Kharif,20,3136.323340135769,6.38
Uttar Pradesh,MAHOBA,2019,Rabi,88,3136.323340135769,28.06
Uttar Pradesh,MAHOBA,2020,Kharif,45,3136.323340135769,14.35
Uttar Pradesh,MAHOBA,2020,Rabi,151,3136.323340135769,48.15
Uttar Pradesh,MAHOBA,2021,Kharif,25,3136.323340135769,7.97
Uttar Pradesh,MAHOBA,2021,Rabi,85,3136.323340135769,27.1
Uttar Pradesh,MAHOBA,2022,Kharif,24,3136.323340135769,7.65
Uttar Pradesh,MAHOBA,2022,Rabi,23,3136.323340135769,7.33
Uttar Pradesh,MAHOBA,2023,Kharif,32,3136.323340135769,10.2
Uttar Pradesh,MAHOBA,2023,Rabi,89,3136.323340135769,28.38
Uttar Pradesh,MAHOBA,2024,Kharif,58,3136.323340135769,18.49
Uttar Pradesh,MAHOBA,2024,Rabi,152,3136.323340135769,48.46
Uttar Pradesh,MAHOBA,2025,Kharif,27,3136.323340135769,8.61
Uttar Pradesh,MAHOBA,2025,Rabi,352,3136.323340135769,112.23
Uttar Pradesh,MAHOBA,2026,Rabi,407,3136.323340135769,129.77
Uttar Pradesh,MAHRAJGANJ,2019,Kharif,687,2839.8108479325338,241.92
Uttar Pradesh,MAHRAJGANJ,2019,Rabi,3309,2839.8108479325338,1165.22
Uttar Pradesh,MAHRAJGANJ,2020,Kharif,186,2839.8108479325338,65.5
Uttar Pradesh,MAHRAJGANJ,2020,Rabi,734,2839.8108479325338,258.47
Uttar Pradesh,MAHRAJGANJ,2021,Kharif,565,2839.8108479325338,198.96
Uttar Pradesh,MAHRAJGANJ,2021,Rabi,1784,2839.8108479325338,628.21
Uttar Pradesh,MAHRAJGANJ,2022,Kharif,791,2839.8108479325338,278.54
Uttar Pradesh,MAHRAJGANJ,2022,Rabi,2980,2839.8108479325338,1049.37
Uttar Pradesh,MAHRAJGANJ,2023,Kharif,636,2839.8108479325338,223.96
Uttar Pradesh,MAHRAJGANJ,2023,Rabi,2030,2839.8108479325338,714.84
Uttar Pradesh,MAHRAJGANJ,2024,Kharif,1472,2839.8108479325338,518.34
Uttar Pradesh,MAHRAJGANJ,2024,Rabi,3701,2839.8108479325338,1303.26
Uttar Pradesh,MAHRAJGANJ,2025,Kharif,1705,2839.8108479325338,600.39
Uttar Pradesh,MAHRAJGANJ,2025,Rabi,1785,2839.8108479325338,628.56
Uttar Pradesh,MAHRAJGANJ,2026,Rabi,1916,2839.8108479325338,674.69
Uttar Pradesh,MAINPURI,2019,Kharif,85,2642.7552573989683,32.16
Uttar Pradesh,MAINPURI,2019,Rabi,44,2642.7552573989683,16.65
Uttar Pradesh,MAINPURI,2020,Kharif,173,2642.7552573989683,65.46
Uttar Pradesh,MAINPURI,2020,Rabi,48,2642.7552573989683,18.16
Uttar Pradesh,MAINPURI,2021,Kharif,110,2642.7552573989683,41.62
Uttar Pradesh,MAINPURI,2021,Rabi,50,2642.7552573989683,18.92
Uttar Pradesh,MAINPURI,2022,Kharif,133,2642.7552573989683,50.33
Uttar Pradesh,MAINPURI,2022,Rabi,16,2642.7552573989683,6.05
Uttar Pradesh,MAINPURI,2023,Kharif,150,2642.7552573989683,56.76
Uttar Pradesh,MAINPURI,2023,Rabi,21,2642.7552573989683,7.95
Uttar Pradesh,MAINPURI,2024,Kharif,239,2642.7552573989683,90.44
Uttar Pradesh,MAINPURI,2024,Rabi,68,2642.7552573989683,25.73
Uttar Pradesh,MAINPURI,2025,Kharif,221,2642.7552573989683,83.62
Uttar Pradesh,MAINPURI,2025,Rabi,155,2642.7552573989683,58.65
Uttar Pradesh,MAINPURI,2026,Rabi,99,2642.7552573989683,37.46
Uttar Pradesh,MATHURA,2019,Kharif,897,3225.493025559175,278.1
Uttar Pradesh,MATHURA,2019,Rabi,205,3225.493025559175,63.56
Uttar Pradesh,MATHURA,2020,Kharif,327,3225.493025559175,101.38
Uttar Pradesh,MATHURA,2020,Rabi,143,3225.493025559175,44.33
Uttar Pradesh,MATHURA,2021,Kharif,449,3225.493025559175,139.2
Uttar Pradesh,MATHURA,2021,Rabi,218,3225.493025559175,67.59
Uttar Pradesh,MATHURA,2022,Kharif,80,3225.493025559175,24.8
Uttar Pradesh,MATHURA,2022,Rabi,75,3225.493025559175,23.25
Uttar Pradesh,MATHURA,2023,Kharif,171,3225.493025559175,53.02
Uttar Pradesh,MATHURA,2023,Rabi,106,3225.493025559175,32.86
Uttar Pradesh,MATHURA,2024,Kharif,207,3225.493025559175,64.18
Uttar Pradesh,MATHURA,2024,Rabi,178,3225.493025559175,55.19
Uttar Pradesh,MATHURA,2025,Kharif,198,3225.493025559175,61.39
Uttar Pradesh,MATHURA,2025,Rabi,268,3225.493025559175,83.09
Uttar Pradesh,MATHURA,2026,Rabi,202,3225.493025559175,62.63
Uttar Pradesh,MAU,2019,Kharif,27,1672.5299201307255,16.14
Uttar Pradesh,MAU,2019,Rabi,484,1672.5299201307255,289.38
Uttar Pradesh,MAU,2020,Kharif,91,1672.5299201307255,54.41
Uttar Pradesh,MAU,2020,Rabi,42,1672.5299201307255,25.11
Uttar Pradesh,MAU,2021,Kharif,80,1672.5299201307255,47.83
Uttar Pradesh,MAU,2021,Rabi,197,1672.5299201307255,117.79
Uttar Pradesh,MAU,2022,Kharif,95,1672.5299201307255,56.8
Uttar Pradesh,MAU,2022,Rabi,153,1672.5299201307255,91.48
Uttar Pradesh,MAU,2023,Kharif,82,1672.5299201307255,49.03
Uttar Pradesh,MAU,2023,Rabi,185,1672.5299201307255,110.61
Uttar Pradesh,MAU,2024,Kharif,149,1672.5299201307255,89.09
Uttar Pradesh,MAU,2024,Rabi,506,1672.5299201307255,302.54
Uttar Pradesh,MAU,2025,Kharif,112,1672.5299201307255,66.96
Uttar Pradesh,MAU,2025,Rabi,199,1672.5299201307255,118.98
Uttar Pradesh,MAU,2026,Rabi,274,1672.5299201307255,163.82
Uttar Pradesh,MEERUT,2019,Kharif,198,2482.37049298509,79.76
Uttar Pradesh,MEERUT,2019,Rabi,131,2482.37049298509,52.77
Uttar Pradesh,MEERUT,2020,Kharif,488,2482.37049298509,196.59
Uttar Pradesh,MEERUT,2020,Rabi,75,2482.37049298509,30.21
Uttar Pradesh,MEERUT,2021,Kharif,298,2482.37049298509,120.05
Uttar Pradesh,MEERUT,2021,Rabi,131,2482.37049298509,52.77
Uttar Pradesh,MEERUT,2022,Kharif,323,2482.37049298509,130.12
Uttar Pradesh,MEERUT,2022,Rabi,88,2482.37049298509,35.45
Uttar Pradesh,MEERUT,2023,Kharif,304,2482.37049298509,122.46
Uttar Pradesh,MEERUT,2023,Rabi,81,2482.37049298509,32.63
Uttar Pradesh,MEERUT,2024,Kharif,363,2482.37049298509,146.23
Uttar Pradesh,MEERUT,2024,Rabi,93,2482.37049298509,37.46
Uttar Pradesh,MEERUT,2025,Kharif,254,2482.37049298509,102.32
Uttar Pradesh,MEERUT,2025,Rabi,127,2482.37049298509,51.16
Uttar Pradesh,MEERUT,2026,Rabi,68,2482.37049298509,27.39
Uttar Pradesh,MIRZAPUR,2019,Kharif,16,4242.490079068351,3.77
Uttar Pradesh,MIRZAPUR,2019,Rabi,177,4242.490079068351,41.72
Uttar Pradesh,MIRZAPUR,2020,Kharif,44,4242.490079068351,10.37
Uttar Pradesh,MIRZAPUR,2020,Rabi,29,4242.490079068351,6.84
Uttar Pradesh,MIRZAPUR,2021,Kharif,60,4242.490079068351,14.14
Uttar Pradesh,MIRZAPUR,2021,Rabi,80,4242.490079068351,18.86
Uttar Pradesh,MIRZAPUR,2022,Kharif,36,4242.490079068351,8.49
Uttar Pradesh,MIRZAPUR,2022,Rabi,193,4242.490079068351,45.49
Uttar Pradesh,MIRZAPUR,2023,Kharif,18,4242.490079068351,4.24
Uttar Pradesh,MIRZAPUR,2023,Rabi,42,4242.490079068351,9.9
Uttar Pradesh,MIRZAPUR,2024,Kharif,67,4242.490079068351,15.79
Uttar Pradesh,MIRZAPUR,2024,Rabi,68,4242.490079068351,16.03
Uttar Pradesh,MIRZAPUR,2025,Kharif,104,4242.490079068351,24.51
Uttar Pradesh,MIRZAPUR,2025,Rabi,74,4242.490079068351,17.44
Uttar Pradesh,MIRZAPUR,2026,Rabi,166,4242.490079068351,39.13
Uttar Pradesh,MORADABAD,2019,Kharif,80,2195.765829826422,36.43
Uttar Pradesh,MORADABAD,2019,Rabi,62,2195.765829826422,28.24
Uttar Pradesh,MORADABAD,2020,Kharif,119,2195.765829826422,54.2
Uttar Pradesh,MORADABAD,2020,Rabi,28,2195.765829826422,12.75
Uttar Pradesh,MORADABAD,2021,Kharif,76,2195.765829826422,34.61
Uttar Pradesh,MORADABAD,2021,Rabi,46,2195.765829826422,20.95
Uttar Pradesh,MORADABAD,2022,Kharif,96,2195.765829826422,43.72
Uttar Pradesh,MORADABAD,2022,Rabi,27,2195.765829826422,12.3
Uttar Pradesh,MORADABAD,2023,Kharif,114,2195.765829826422,51.92
Uttar Pradesh,MORADABAD,2023,Rabi,44,2195.765829826422,20.04
Uttar Pradesh,MORADABAD,2024,Kharif,161,2195.765829826422,73.32
Uttar Pradesh,MORADABAD,2024,Rabi,51,2195.765829826422,23.23
Uttar Pradesh,MORADABAD,2025,Kharif,109,2195.765829826422,49.64
Uttar Pradesh,MORADABAD,2025,Rabi,41,2195.765829826422,18.67
Uttar Pradesh,MORADABAD,2026,Rabi,26,2195.765829826422,11.84
Uttar Pradesh,MUZAFFARNAGAR,2019,Kharif,134,2621.34931022108,51.12
Uttar Pradesh,MUZAFFARNAGAR,2019,Rabi,115,2621.34931022108,43.87
Uttar Pradesh,MUZAFFARNAGAR,2020,Kharif,264,2621.34931022108,100.71
Uttar Pradesh,MUZAFFARNAGAR,2020,Rabi,61,2621.34931022108,23.27
Uttar Pradesh,MUZAFFARNAGAR,2021,Kharif,219,2621.34931022108,83.54
Uttar Pradesh,MUZAFFARNAGAR,2021,Rabi,134,2621.34931022108,51.12
Uttar Pradesh,MUZAFFARNAGAR,2022,Kharif,236,2621.34931022108,90.03
Uttar Pradesh,MUZAFFARNAGAR,2022,Rabi,106,2621.34931022108,40.44
Uttar Pradesh,MUZAFFARNAGAR,2023,Kharif,191,2621.34931022108,72.86
Uttar Pradesh,MUZAFFARNAGAR,2023,Rabi,95,2621.34931022108,36.24
Uttar Pradesh,MUZAFFARNAGAR,2024,Kharif,314,2621.34931022108,119.79
Uttar Pradesh,MUZAFFARNAGAR,2024,Rabi,83,2621.34931022108,31.66
Uttar Pradesh,MUZAFFARNAGAR,2025,Kharif,197,2621.34931022108,75.15
Uttar Pradesh,MUZAFFARNAGAR,2025,Rabi,153,2621.34931022108,58.37
Uttar Pradesh,MUZAFFARNAGAR,2026,Rabi,60,2621.34931022108,22.89
Uttar Pradesh,PILIBHIT,2019,Kharif,757,3642.6570154778024,207.82
Uttar Pradesh,PILIBHIT,2019,Rabi,1286,3642.6570154778024,353.04
Uttar Pradesh,PILIBHIT,2020,Kharif,140,3642.6570154778024,38.43
Uttar Pradesh,PILIBHIT,2020,Rabi,338,3642.6570154778024,92.79
Uttar Pradesh,PILIBHIT,2021,Kharif,537,3642.6570154778024,147.42
Uttar Pradesh,PILIBHIT,2021,Rabi,727,3642.6570154778024,199.58
Uttar Pradesh,PILIBHIT,2022,Kharif,602,3642.6570154778024,165.26
Uttar Pradesh,PILIBHIT,2022,Rabi,722,3642.6570154778024,198.21
Uttar Pradesh,PILIBHIT,2023,Kharif,411,3642.6570154778024,112.83
Uttar Pradesh,PILIBHIT,2023,Rabi,213,3642.6570154778024,58.47
Uttar Pradesh,PILIBHIT,2024,Kharif,378,3642.6570154778024,103.77
Uttar Pradesh,PILIBHIT,2024,Rabi,710,3642.6570154778024,194.91
Uttar Pradesh,PILIBHIT,2025,Kharif,405,3642.6570154778024,111.18
Uttar Pradesh,PILIBHIT,2025,Rabi,920,3642.6570154778024,252.56
Uttar Pradesh,PILIBHIT,2026,Rabi,386,3642.6570154778024,105.97
Uttar Pradesh,PRATAPGARH,2019,Kharif,73,3577.5887506992217,20.4
Uttar Pradesh,PRATAPGARH,2019,Rabi,152,3577.5887506992217,42.49
Uttar Pradesh,PRATAPGARH,2020,Kharif,142,3577.5887506992217,39.69
Uttar Pradesh,PRATAPGARH,2020,Rabi,36,3577.5887506992217,10.06
Uttar Pradesh,PRATAPGARH,2021,Kharif,148,3577.5887506992217,41.37
Uttar Pradesh,PRATAPGARH,2021,Rabi,79,3577.5887506992217,22.08
Uttar Pradesh,PRATAPGARH,2022,Kharif,199,3577.5887506992217,55.62
Uttar Pradesh,PRATAPGARH,2022,Rabi,61,3577.5887506992217,17.05
Uttar Pradesh,PRATAPGARH,2023,Kharif,171,3577.5887506992217,47.8
Uttar Pradesh,PRATAPGARH,2023,Rabi,52,3577.5887506992217,14.53
Uttar Pradesh,PRATAPGARH,2024,Kharif,178,3577.5887506992217,49.75
Uttar Pradesh,PRATAPGARH,2024,Rabi,158,3577.5887506992217,44.16
Uttar Pradesh,PRATAPGARH,2025,Kharif,262,3577.5887506992217,73.23
Uttar Pradesh,PRATAPGARH,2025,Rabi,85,3577.5887506992217,23.76
Uttar Pradesh,PRATAPGARH,2026,Rabi,182,3577.5887506992217,50.87
Uttar Pradesh,PRAYAGRAJ,2019,Kharif,100,5247.210377153826,19.06
Uttar Pradesh,PRAYAGRAJ,2019,Rabi,236,5247.210377153826,44.98
Uttar Pradesh,PRAYAGRAJ,2020,Kharif,314,5247.210377153826,59.84
Uttar Pradesh,PRAYAGRAJ,2020,Rabi,51,5247.210377153826,9.72
Uttar Pradesh,PRAYAGRAJ,2021,Kharif,198,5247.210377153826,37.73
Uttar Pradesh,PRAYAGRAJ,2021,Rabi,221,5247.210377153826,42.12
Uttar Pradesh,PRAYAGRAJ,2022,Kharif,161,5247.210377153826,30.68
Uttar Pradesh,PRAYAGRAJ,2022,Rabi,274,5247.210377153826,52.22
Uttar Pradesh,PRAYAGRAJ,2023,Kharif,118,5247.210377153826,22.49
Uttar Pradesh,PRAYAGRAJ,2023,Rabi,118,5247.210377153826,22.49
Uttar Pradesh,PRAYAGRAJ,2024,Kharif,182,5247.210377153826,34.69
Uttar Pradesh,PRAYAGRAJ,2024,Rabi,455,5247.210377153826,86.71
Uttar Pradesh,PRAYAGRAJ,2025,Kharif,234,5247.210377153826,44.6
Uttar Pradesh,PRAYAGRAJ,2025,Rabi,437,5247.210377153826,83.28
Uttar Pradesh,PRAYAGRAJ,2026,Rabi,656,5247.210377153826,125.02
Uttar Pradesh,RAE BARELI,2019,Kharif,70,3770.8332401007697,18.56
Uttar Pradesh,RAE BARELI,2019,Rabi,240,3770.8332401007697,63.65
Uttar Pradesh,RAE BARELI,2020,Kharif,124,3770.8332401007697,32.88
Uttar Pradesh,RAE BARELI,2020,Rabi,101,3770.8332401007697,26.78
Uttar Pradesh,RAE BARELI,2021,Kharif,194,3770.8332401007697,51.45
Uttar Pradesh,RAE BARELI,2021,Rabi,165,3770.8332401007697,43.76
Uttar Pradesh,RAE BARELI,2022,Kharif,217,3770.8332401007697,57.55
Uttar Pradesh,RAE BARELI,2022,Rabi,117,3770.8332401007697,31.03
Uttar Pradesh,RAE BARELI,2023,Kharif,252,3770.8332401007697,66.83
Uttar Pradesh,RAE BARELI,2023,Rabi,61,3770.8332401007697,16.18
Uttar Pradesh,RAE BARELI,2024,Kharif,341,3770.8332401007697,90.43
Uttar Pradesh,RAE BARELI,2024,Rabi,208,3770.8332401007697,55.16
Uttar Pradesh,RAE BARELI,2025,Kharif,374,3770.8332401007697,99.18
Uttar Pradesh,RAE BARELI,2025,Rabi,150,3770.8332401007697,39.78
Uttar Pradesh,RAE BARELI,2026,Rabi,177,3770.8332401007697,46.94
Uttar Pradesh,RAMPUR,2019,Kharif,643,2291.2264910596396,280.64
Uttar Pradesh,RAMPUR,2019,Rabi,303,2291.2264910596396,132.24
Uttar Pradesh,RAMPUR,2020,Kharif,364,2291.2264910596396,158.87
Uttar Pradesh,RAMPUR,2020,Rabi,157,2291.2264910596396,68.52
Uttar Pradesh,RAMPUR,2021,Kharif,471,2291.2264910596396,205.57
Uttar Pradesh,RAMPUR,2021,Rabi,349,2291.2264910596396,152.32
Uttar Pradesh,RAMPUR,2022,Kharif,340,2291.2264910596396,148.39
Uttar Pradesh,RAMPUR,2022,Rabi,247,2291.2264910596396,107.8
Uttar Pradesh,RAMPUR,2023,Kharif,295,2291.2264910596396,128.75
Uttar Pradesh,RAMPUR,2023,Rabi,105,2291.2264910596396,45.83
Uttar Pradesh,RAMPUR,2024,Kharif,151,2291.2264910596396,65.9
Uttar Pradesh,RAMPUR,2024,Rabi,304,2291.2264910596396,132.68
Uttar Pradesh,RAMPUR,2025,Kharif,119,2291.2264910596396,51.94
Uttar Pradesh,RAMPUR,2025,Rabi,323,2291.2264910596396,140.97
Uttar Pradesh,RAMPUR,2026,Rabi,159,2291.2264910596396,69.4
Uttar Pradesh,SAHARANPUR,2019,Kharif,206,3617.4269272267975,56.95
Uttar Pradesh,SAHARANPUR,2019,Rabi,103,3617.4269272267975,28.47
Uttar Pradesh,SAHARANPUR,2020,Kharif,289,3617.4269272267975,79.89
Uttar Pradesh,SAHARANPUR,2020,Rabi,101,3617.4269272267975,27.92
Uttar Pradesh,SAHARANPUR,2021,Kharif,269,3617.4269272267975,74.36
Uttar Pradesh,SAHARANPUR,2021,Rabi,117,3617.4269272267975,32.34
Uttar Pradesh,SAHARANPUR,2022,Kharif,190,3617.4269272267975,52.52
Uttar Pradesh,SAHARANPUR,2022,Rabi,92,3617.4269272267975,25.43
Uttar Pradesh,SAHARANPUR,2023,Kharif,204,3617.4269272267975,56.39
Uttar Pradesh,SAHARANPUR,2023,Rabi,89,3617.4269272267975,24.6
Uttar Pradesh,SAHARANPUR,2024,Kharif,311,3617.4269272267975,85.97
Uttar Pradesh,SAHARANPUR,2024,Rabi,81,3617.4269272267975,22.39
Uttar Pradesh,SAHARANPUR,2025,Kharif,150,3617.4269272267975,41.47
Uttar Pradesh,SAHARANPUR,2025,Rabi,129,3617.4269272267975,35.66
Uttar Pradesh,SAHARANPUR,2026,Rabi,50,3617.4269272267975,13.82
Uttar Pradesh,SAMBHAL,2019,Kharif,42,2329.224627678927,18.03
Uttar Pradesh,SAMBHAL,2019,Rabi,30,2329.224627678927,12.88
Uttar Pradesh,SAMBHAL,2020,Kharif,106,2329.224627678927,45.51
Uttar Pradesh,SAMBHAL,2020,Rabi,22,2329.224627678927,9.45
Uttar Pradesh,SAMBHAL,2021,Kharif,59,2329.224627678927,25.33
Uttar Pradesh,SAMBHAL,2021,Rabi,38,2329.224627678927,16.31
Uttar Pradesh,SAMBHAL,2022,Kharif,57,2329.224627678927,24.47
Uttar Pradesh,SAMBHAL,2022,Rabi,13,2329.224627678927,5.58
Uttar Pradesh,SAMBHAL,2023,Kharif,80,2329.224627678927,34.35
Uttar Pradesh,SAMBHAL,2023,Rabi,26,2329.224627678927,11.16
Uttar Pradesh,SAMBHAL,2024,Kharif,186,2329.224627678927,79.85
Uttar Pradesh,SAMBHAL,2024,Rabi,16,2329.224627678927,6.87
Uttar Pradesh,SAMBHAL,2025,Kharif,110,2329.224627678927,47.23
Uttar Pradesh,SAMBHAL,2025,Rabi,24,2329.224627678927,10.3
Uttar Pradesh,SAMBHAL,2026,Rabi,13,2329.224627678927,5.58
Uttar Pradesh,SANT KABIR NAGAR,2019,Kharif,30,1580.1985583063083,18.98
Uttar Pradesh,SANT KABIR NAGAR,2019,Rabi,1624,1580.1985583063083,1027.72
Uttar Pradesh,SANT KABIR NAGAR,2020,Kharif,60,1580.1985583063083,37.97
Uttar Pradesh,SANT KABIR NAGAR,2020,Rabi,161,1580.1985583063083,101.89
Uttar Pradesh,SANT KABIR NAGAR,2021,Kharif,74,1580.1985583063083,46.83
Uttar Pradesh,SANT KABIR NAGAR,2021,Rabi,853,1580.1985583063083,539.81
Uttar Pradesh,SANT KABIR NAGAR,2022,Kharif,80,1580.1985583063083,50.63
Uttar Pradesh,SANT KABIR NAGAR,2022,Rabi,1233,1580.1985583063083,780.28
Uttar Pradesh,SANT KABIR NAGAR,2023,Kharif,159,1580.1985583063083,100.62
Uttar Pradesh,SANT KABIR NAGAR,2023,Rabi,1011,1580.1985583063083,639.79
Uttar Pradesh,SANT KABIR NAGAR,2024,Kharif,104,1580.1985583063083,65.81
Uttar Pradesh,SANT KABIR NAGAR,2024,Rabi,2010,1580.1985583063083,1271.99
Uttar Pradesh,SANT KABIR NAGAR,2025,Kharif,193,1580.1985583063083,122.14
Uttar Pradesh,SANT KABIR NAGAR,2025,Rabi,855,1580.1985583063083,541.07
Uttar Pradesh,SANT KABIR NAGAR,2026,Rabi,1726,1580.1985583063083,1092.27
Uttar Pradesh,SHAHJAHANPUR,2019,Kharif,824,4164.032210013458,197.89
Uttar Pradesh,SHAHJAHANPUR,2019,Rabi,1052,4164.032210013458,252.64
Uttar Pradesh,SHAHJAHANPUR,2020,Kharif,385,4164.032210013458,92.46
Uttar Pradesh,SHAHJAHANPUR,2020,Rabi,331,4164.032210013458,79.49
Uttar Pradesh,SHAHJAHANPUR,2021,Kharif,893,4164.032210013458,214.46
Uttar Pradesh,SHAHJAHANPUR,2021,Rabi,557,4164.032210013458,133.76
Uttar Pradesh,SHAHJAHANPUR,2022,Kharif,887,4164.032210013458,213.01
Uttar Pradesh,SHAHJAHANPUR,2022,Rabi,686,4164.032210013458,164.74
Uttar Pradesh,SHAHJAHANPUR,2023,Kharif,449,4164.032210013458,107.83
Uttar Pradesh,SHAHJAHANPUR,2023,Rabi,313,4164.032210013458,75.17
Uttar Pradesh,SHAHJAHANPUR,2024,Kharif,515,4164.032210013458,123.68
Uttar Pradesh,SHAHJAHANPUR,2024,Rabi,581,4164.032210013458,139.53
Uttar Pradesh,SHAHJAHANPUR,2025,Kharif,503,4164.032210013458,120.8
Uttar Pradesh,SHAHJAHANPUR,2025,Rabi,1028,4164.032210013458,246.88
Uttar Pradesh,SHAHJAHANPUR,2026,Rabi,523,4164.032210013458,125.6
Uttar Pradesh,SHAMLI,2019,Kharif,120,1266.7833468852823,94.73
Uttar Pradesh,SHAMLI,2019,Rabi,112,1266.7833468852823,88.41
Uttar Pradesh,SHAMLI,2020,Kharif,243,1266.7833468852823,191.82
Uttar Pradesh,SHAMLI,2020,Rabi,69,1266.7833468852823,54.47
Uttar Pradesh,SHAMLI,2021,Kharif,215,1266.7833468852823,169.72
Uttar Pradesh,SHAMLI,2021,Rabi,85,1266.7833468852823,67.1
Uttar Pradesh,SHAMLI,2022,Kharif,209,1266.7833468852823,164.98
Uttar Pradesh,SHAMLI,2022,Rabi,55,1266.7833468852823,43.42
Uttar Pradesh,SHAMLI,2023,Kharif,223,1266.7833468852823,176.04
Uttar Pradesh,SHAMLI,2023,Rabi,46,1266.7833468852823,36.31
Uttar Pradesh,SHAMLI,2024,Kharif,232,1266.7833468852823,183.14
Uttar Pradesh,SHAMLI,2024,Rabi,50,1266.7833468852823,39.47
Uttar Pradesh,SHAMLI,2025,Kharif,183,1266.7833468852823,144.46
Uttar Pradesh,SHAMLI,2025,Rabi,80,1266.7833468852823,63.15
Uttar Pradesh,SHAMLI,2026,Rabi,51,1266.7833468852823,40.26
Uttar Pradesh,SHRAWASTI,2019,Kharif,70,1864.5965344878466,37.54
Uttar Pradesh,SHRAWASTI,2019,Rabi,391,1864.5965344878466,209.7
Uttar Pradesh,SHRAWASTI,2020,Kharif,111,1864.5965344878466,59.53
Uttar Pradesh,SHRAWASTI,2020,Rabi,158,1864.5965344878466,84.74
Uttar Pradesh,SHRAWASTI,2021,Kharif,118,1864.5965344878466,63.28
Uttar Pradesh,SHRAWASTI,2021,Rabi,235,1864.5965344878466,126.03
Uttar Pradesh,SHRAWASTI,2022,Kharif,64,1864.5965344878466,34.32
Uttar Pradesh,SHRAWASTI,2022,Rabi,159,1864.5965344878466,85.27
Uttar Pradesh,SHRAWASTI,2023,Kharif,126,1864.5965344878466,67.57
Uttar Pradesh,SHRAWASTI,2023,Rabi,102,1864.5965344878466,54.7
Uttar Pradesh,SHRAWASTI,2024,Kharif,108,1864.5965344878466,57.92
Uttar Pradesh,SHRAWASTI,2024,Rabi,293,1864.5965344878466,157.14
Uttar Pradesh,SHRAWASTI,2025,Kharif,127,1864.5965344878466,68.11
Uttar Pradesh,SHRAWASTI,2025,Rabi,247,1864.5965344878466,132.47
Uttar Pradesh,SHRAWASTI,2026,Rabi,147,1864.5965344878466,78.84
Uttar Pradesh,SIDDHARTHNAGAR,2019,Kharif,115,2794.8542852484393,41.15
Uttar Pradesh,SIDDHARTHNAGAR,2019,Rabi,6565,2794.8542852484393,2348.96
Uttar Pradesh,SIDDHARTHNAGAR,2020,Kharif,169,2794.8542852484393,60.47
Uttar Pradesh,SIDDHARTHNAGAR,2020,Rabi,1151,2794.8542852484393,411.83
Uttar Pradesh,SIDDHARTHNAGAR,2021,Kharif,292,2794.8542852484393,104.48
Uttar Pradesh,SIDDHARTHNAGAR,2021,Rabi,3866,2794.8542852484393,1383.26
Uttar Pradesh,SIDDHARTHNAGAR,2022,Kharif,178,2794.8542852484393,63.69
Uttar Pradesh,SIDDHARTHNAGAR,2022,Rabi,4714,2794.8542852484393,1686.67
Uttar Pradesh,SIDDHARTHNAGAR,2023,Kharif,415,2794.8542852484393,148.49
Uttar Pradesh,SIDDHARTHNAGAR,2023,Rabi,3771,2794.8542852484393,1349.27
Uttar Pradesh,SIDDHARTHNAGAR,2024,Kharif,174,2794.8542852484393,62.26
Uttar Pradesh,SIDDHARTHNAGAR,2024,Rabi,6743,2794.8542852484393,2412.65
Uttar Pradesh,SIDDHARTHNAGAR,2025,Kharif,352,2794.8542852484393,125.95
Uttar Pradesh,SIDDHARTHNAGAR,2025,Rabi,4018,2794.8542852484393,1437.64
Uttar Pradesh,SIDDHARTHNAGAR,2026,Rabi,5908,2794.8542852484393,2113.88
Uttar Pradesh,SITAPUR,2019,Kharif,184,5575.90969249923,33.0
Uttar Pradesh,SITAPUR,2019,Rabi,138,5575.90969249923,24.75
Uttar Pradesh,SITAPUR,2020,Kharif,261,5575.90969249923,46.81
Uttar Pradesh,SITAPUR,2020,Rabi,91,5575.90969249923,16.32
Uttar Pradesh,SITAPUR,2021,Kharif,182,5575.90969249923,32.64
Uttar Pradesh,SITAPUR,2021,Rabi,134,5575.90969249923,24.03
Uttar Pradesh,SITAPUR,2022,Kharif,312,5575.90969249923,55.95
Uttar Pradesh,SITAPUR,2022,Rabi,92,5575.90969249923,16.5
Uttar Pradesh,SITAPUR,2023,Kharif,322,5575.90969249923,57.75
Uttar Pradesh,SITAPUR,2023,Rabi,98,5575.90969249923,17.58
Uttar Pradesh,SITAPUR,2024,Kharif,479,5575.90969249923,85.91
Uttar Pradesh,SITAPUR,2024,Rabi,160,5575.90969249923,28.69
Uttar Pradesh,SITAPUR,2025,Kharif,411,5575.90969249923,73.71
Uttar Pradesh,SITAPUR,2025,Rabi,206,5575.90969249923,36.94
Uttar Pradesh,SITAPUR,2026,Rabi,82,5575.90969249923,14.71
Uttar Pradesh,SONBHADRA,2019,Kharif,8,6621.0858966192645,1.21
Uttar Pradesh,SONBHADRA,2019,Rabi,242,6621.0858966192645,36.55
Uttar Pradesh,SONBHADRA,2020,Kharif,23,6621.0858966192645,3.47
Uttar Pradesh,SONBHADRA,2020,Rabi,38,6621.0858966192645,5.74
Uttar Pradesh,SONBHADRA,2021,Kharif,26,6621.0858966192645,3.93
Uttar Pradesh,SONBHADRA,2021,Rabi,326,6621.0858966192645,49.24
Uttar Pradesh,SONBHADRA,2022,Kharif,6,6621.0858966192645,0.91
Uttar Pradesh,SONBHADRA,2022,Rabi,350,6621.0858966192645,52.86
Uttar Pradesh,SONBHADRA,2023,Kharif,7,6621.0858966192645,1.06
Uttar Pradesh,SONBHADRA,2023,Rabi,100,6621.0858966192645,15.1
Uttar Pradesh,SONBHADRA,2024,Kharif,17,6621.0858966192645,2.57
Uttar Pradesh,SONBHADRA,2024,Rabi,89,6621.0858966192645,13.44
Uttar Pradesh,SONBHADRA,2025,Kharif,37,6621.0858966192645,5.59
Uttar Pradesh,SONBHADRA,2025,Rabi,84,6621.0858966192645,12.69
Uttar Pradesh,SONBHADRA,2026,Rabi,243,6621.0858966192645,36.7
Uttar Pradesh,SULTANPUR,2019,Kharif,38,2584.7136308609934,14.7
Uttar Pradesh,SULTANPUR,2019,Rabi,173,2584.7136308609934,66.93
Uttar Pradesh,SULTANPUR,2020,Kharif,77,2584.7136308609934,29.79
Uttar Pradesh,SULTANPUR,2020,Rabi,13,2584.7136308609934,5.03
Uttar Pradesh,SULTANPUR,2021,Kharif,122,2584.7136308609934,47.2
Uttar Pradesh,SULTANPUR,2021,Rabi,57,2584.7136308609934,22.05
Uttar Pradesh,SULTANPUR,2022,Kharif,133,2584.7136308609934,51.46
Uttar Pradesh,SULTANPUR,2022,Rabi,38,2584.7136308609934,14.7
Uttar Pradesh,SULTANPUR,2023,Kharif,137,2584.7136308609934,53.0
Uttar Pradesh,SULTANPUR,2023,Rabi,34,2584.7136308609934,13.15
Uttar Pradesh,SULTANPUR,2024,Kharif,213,2584.7136308609934,82.41
Uttar Pradesh,SULTANPUR,2024,Rabi,108,2584.7136308609934,41.78
Uttar Pradesh,SULTANPUR,2025,Kharif,214,2584.7136308609934,82.79
Uttar Pradesh,SULTANPUR,2025,Rabi,90,2584.7136308609934,34.82
Uttar Pradesh,SULTANPUR,2026,Rabi,113,2584.7136308609934,43.72
Uttar Pradesh,UNNAO,2019,Kharif,79,4391.114392469211,17.99
Uttar Pradesh,UNNAO,2019,Rabi,340,4391.114392469211,77.43
Uttar Pradesh,UNNAO,2020,Kharif,134,4391.114392469211,30.52
Uttar Pradesh,UNNAO,2020,Rabi,123,4391.114392469211,28.01
Uttar Pradesh,UNNAO,2021,Kharif,94,4391.114392469211,21.41
Uttar Pradesh,UNNAO,2021,Rabi,267,4391.114392469211,60.8
Uttar Pradesh,UNNAO,2022,Kharif,138,4391.114392469211,31.43
Uttar Pradesh,UNNAO,2022,Rabi,207,4391.114392469211,47.14
Uttar Pradesh,UNNAO,2023,Kharif,163,4391.114392469211,37.12
Uttar Pradesh,UNNAO,2023,Rabi,64,4391.114392469211,14.57
Uttar Pradesh,UNNAO,2024,Kharif,349,4391.114392469211,79.48
Uttar Pradesh,UNNAO,2024,Rabi,378,4391.114392469211,86.08
Uttar Pradesh,UNNAO,2025,Kharif,294,4391.114392469211,66.95
Uttar Pradesh,UNNAO,2025,Rabi,341,4391.114392469211,77.66
Uttar Pradesh,UNNAO,2026,Rabi,399,4391.114392469211,90.87
Uttar Pradesh,VARANASI,2019,Kharif,1,1476.587584688857,0.68
Uttar Pradesh,VARANASI,2019,Rabi,11,1476.587584688857,7.45
Uttar Pradesh,VARANASI,2020,Kharif,8,1476.587584688857,5.42
Uttar Pradesh,VARANASI,2020,Rabi,1,1476.587584688857,0.68
Uttar Pradesh,VARANASI,2021,Kharif,9,1476.587584688857,6.1
Uttar Pradesh,VARANASI,2021,Rabi,7,1476.587584688857,4.74
Uttar Pradesh,VARANASI,2022,Kharif,16,1476.587584688857,10.84
Uttar Pradesh,VARANASI,2022,Rabi,13,1476.587584688857,8.8
Uttar Pradesh,VARANASI,2023,Kharif,6,1476.587584688857,4.06
Uttar Pradesh,VARANASI,2023,Rabi,7,1476.587584688857,4.74
Uttar Pradesh,VARANASI,2024,Kharif,18,1476.587584688857,12.19
Uttar Pradesh,VARANASI,2024,Rabi,9,1476.587584688857,6.1
Uttar Pradesh,VARANASI,2025,Kharif,14,1476.587584688857,9.48
Uttar Pradesh,VARANASI,2025,Rabi,7,1476.587584688857,4.74
Uttar Pradesh,VARANASI,2026,Rabi,23,1476.587584688857,15.58
